CREATE TABLE CONTINENT
(
    CONTINENT_SEQ    INT            NOT NULL    AUTO_INCREMENT, 
    CONTINENET_NAME  VARCHAR(50)    NOT NULL, 
    PRIMARY KEY (CONTINENT_SEQ)
);

CREATE TABLE COUNTRY
(
    COUNTRY_SEQ  	 INT            NOT NULL    AUTO_INCREMENT, 
    COUNTRY_NAME 	 VARCHAR(50)    NOT NULL, 
    COUNTRY_ENAME 	 VARCHAR(50)    NOT NULL, 
    CONTINENT_NAME 	 VARCHAR(50)    NOT NULL, 
    COUNTRY_LAT		 DOUBLE   		NOT NULL, 
    COUNTRY_LNG 	 DOUBLE   		NOT NULL, 
    PRIMARY KEY (COUNTRY_SEQ)
);

CREATE TABLE CITY
(
    CITY_SEQ   INT            NOT NULL    AUTO_INCREMENT, 
    CITY_NAME  VARCHAR(30)    NOT NULL, 
    CITY_ENAME  VARCHAR(30)    NOT NULL,
    PRIMARY KEY (CITY_SEQ)
);


CREATE TABLE RESTAURANT
(
    REST_SEQ   INT            NOT NULL    AUTO_INCREMENT, 
    REST_NAME  VARCHAR(45)    NOT NULL, 
    PRIMARY KEY (REST_SEQ)
);

CREATE TABLE SHOPPING
(
    STORE_SEQ   INT            NOT NULL    AUTO_INCREMENT, 
    POSITION    VARCHAR(50)    NOT NULL, 
    STORE_NAME  VARCHAR(50)    NOT NULL, 
    PRIMARY KEY (STORE_SEQ)
);

CREATE TABLE ATTRACTION
(
    ATTR_SEQ   INT            NOT NULL    AUTO_INCREMENT, 
    ATTR_NAME  VARCHAR(45)    NOT NULL, 
    PRIMARY KEY (ATTR_SEQ)
);

ALTER TABLE ATTRACTION
	ADD COLUMN ATTR_DNAME VARCHAR(150) NOT NULL AFTER ATTR_NAME,
	ADD COLUMN ATTR_ENAME VARCHAR(50) NOT NULL AFTER ATTR_DNAME,
	ADD COLUMN ATTR_LAT VARCHAR(50) NOT NULL AFTER ATTR_ENAME,
	ADD COLUMN ATTR_LNG VARCHAR(50) NOT NULL AFTER ATTR_LAT,
	ADD COLUMN CITY_ENAME VARCHAR(50) NOT NULL AFTER ATTR_LNG;

CREATE TABLE CATEGORY
(
    CATEGORY_NAME  VARCHAR(50)    NOT NULL, 
    PRIMARY KEY (CATEGORY_NAME)
);

CREATE TABLE IMAGE
(
    IMG_NAME  VARCHAR(50)     NOT NULL, 
    IMG_URL   VARCHAR(150)    NOT NULL, 
    PRIMARY KEY (IMG_NAME)
);

CREATE TABLE AIRPORT
(
    ARIPORT_NAME  VARCHAR(50)    NOT NULL, 
    FLIGHT_NAME   VARCHAR(50)    NOT NULL, 
    PRIMARY KEY (ARIPORT_NAME)
);

CREATE TABLE AIRPORT_PAYMENT
(
    AIRPORT_NAME      VARCHAR(50)    NOT NULL, 
    DEPARTURE_TIME    VARCHAR(50)    NOT NULL, 
    ARRIVAL_TIME      VARCHAR(50)    NOT NULL, 
    DEPART_AIRPORT    VARCHAR(50)    NOT NULL, 
    ARRIVAL_AIRPORT   VARCHAR(50)    NOT NULL, 
    PRICE  			VARCHAR(50)    NOT NULL, 
    MEMBER_SEQ  		VARCHAR(50)    NOT NULL, 
    DEPART_DATE       VARCHAR(50)    NOT NULL, 
    ARRIVLA_DATE      VARCHAR(50)    NOT NULL, 
    PRIMARY KEY (ARRIVAL_TIME, DEPARTURE_TIME)
);


CREATE TABLE ARTICLE
(
    ARTICLE_SEQ  INT             NOT NULL    AUTO_INCREMENT, 
    TITLE        VARCHAR(100)    NOT NULL, 
    CONTENT      VARCHAR(500)    NOT NULL, 
    PRIMARY KEY (ARTICLE_SEQ)
);


CREATE TABLE SCHEDULE
(
    SCHE_SEQ  INT            NOT NULL    AUTO_INCREMENT,
    PRIMARY KEY (SCHE_SEQ)
);


-- 호텔


CREATE TABLE HOTEL
(
    HOTEL_SEQ   INT             NOT NULL    AUTO_INCREMENT, 
    HOTEL_NAME  VARCHAR(50)     NOT NULL, 
    HOTEL_TEL   VARCHAR(50)     NULL, 
    HOTEL_ADDR  VARCHAR(300)    NOT NULL, 
    PRIMARY KEY (HOTEL_SEQ)
);

CREATE TABLE HOTEL_ROOM
(
    ROOM_NUM    VARCHAR(30)    NOT NULL, 
    START_DATE  VARCHAR(50)    NOT NULL, 
    END_DATE    VARCHAR(50)    NOT NULL, 
    ROOM_TYPE   VARCHAR(50)    NOT NULL, 
    PRIMARY KEY (ROOM_NUM, START_DATE, END_DATE)
);

CREATE TABLE HOTEL_PAYMENT
(
    PAYMENT_DATE  DATE           NOT NULL, 
    PRICE         INT            NOT NULL, 
    PAYMENT_CODE  VARCHAR(50)    NULL, 
    PRIMARY KEY (PAYMENT_DATE)
);



CREATE TABLE MEMBER(
    MEMBER_ID  VARCHAR(45)    NOT NULL, 
    NICKNAME        VARCHAR(45)    NOT NULL, 
    THUMBNAIL_IMAGE     VARCHAR(45)    NOT NULL, 
    PRIMARY KEY (MEMBER_ID)
);

CREATE TABLE MEMSCH (
	MS_SEQ INT(11) NOT NULL AUTO_INCREMENT,
	MS_COUNTRY_NAME VARCHAR(50) NOT NULL,
	MS_TITLE VARCHAR(50) NOT NULL,
	MEMBER_ID VARCHAR(50) NOT NULL,
	PRIMARY KEY (MS_SEQ),
	INDEX MEMBER_ID (MEMBER_ID),
	CONSTRAINT MEMBER_ID FOREIGN KEY (MEMBER_ID) REFERENCES MEMBER (MEMBER_ID)
);

CREATE TABLE MEMSCHCTIY (
	MS_CTIY_SEQ INT(11) NOT NULL AUTO_INCREMENT,
	MS_DAY VARCHAR(50) NOT NULL,
	MS_CITY_NAME VARCHAR(50) NOT NULL,
	MS_DATE VARCHAR(50) NOT NULL,
	MS_SEQ INT(11) NOT NULL,
	PRIMARY KEY (MS_CTIY_SEQ),
	INDEX MS_SEQ (MS_SEQ),
	CONSTRAINT MS_SEQ FOREIGN KEY (MS_SEQ) REFERENCES MEMSCH (MS_SEQ)
);

CREATE TABLE MEMSCHATTR (
	MS_ATTR_SEQ INT(11) NOT NULL AUTO_INCREMENT,
	MS_ATTR_NAME VARCHAR(50) NOT NULL,
	MS_CTIY_SEQ INT(11) NOT NULL,
	PRIMARY KEY (MS_ATTR_SEQ),
	INDEX MS_CTIY_SEQ (MS_CTIY_SEQ),
	CONSTRAINT MS_CTIY_SEQ FOREIGN KEY (MS_CTIY_SEQ) REFERENCES `MEMSCHECTIY` (MS_CTIY_SEQ)
);



-- 날씨 INSERT
INSERT INTO yeogil.IMAGE(IMG_NAME,IMG_URL) VALUES(w_cloud,https://bit.ly/2XFXSQ2);
INSERT INTO yeogil.IMAGE(IMG_NAME,IMG_URL) VALUES(w_sunny,https://bit.ly/2Zuek84);
INSERT INTO yeogil.IMAGE(IMG_NAME,IMG_URL) VALUES(w_rain,https://bit.ly/2UVbYjV);
INSERT INTO yeogil.IMAGE(IMG_NAME,IMG_URL) VALUES(w_snow,https://bit.ly/2ISRmBq);
INSERT INTO yeogil.IMAGE(IMG_NAME,IMG_URL) VALUES(w_cloundy,https://bit.ly/2UAwvVR);

-- 대륙 INSERT
INSERT INTO yeogil.CONTINENT(CONTINENET_NAME) VALUES(유럽);
INSERT INTO yeogil.CONTINENT(CONTINENET_NAME) VALUES(아시아);

-- 나라 INSERT
INSERT INTO yeogil.COUNTRY(COUNTRY_NAME,COUNTRY_ENAME) VALUES('마카오','Macau');
INSERT INTO yeogil.COUNTRY(COUNTRY_NAME,COUNTRY_ENAME) VALUES('인도네시아','Indonesia');
INSERT INTO yeogil.COUNTRY(COUNTRY_NAME,COUNTRY_ENAME) VALUES('몰디브','Maldives');
INSERT INTO yeogil.COUNTRY(COUNTRY_NAME,COUNTRY_ENAME) VALUES('라오스','Laos');
INSERT INTO yeogil.COUNTRY(COUNTRY_NAME,COUNTRY_ENAME) VALUES('대만','Taiwan');
INSERT INTO yeogil.COUNTRY(COUNTRY_NAME,COUNTRY_ENAME) VALUES('베트남','Vietnam');
INSERT INTO yeogil.COUNTRY(COUNTRY_NAME,COUNTRY_ENAME) VALUES('스리랑카','Sri Lanka');
INSERT INTO yeogil.COUNTRY(COUNTRY_NAME,COUNTRY_ENAME) VALUES('싱가포르','Singapore');
INSERT INTO yeogil.COUNTRY(COUNTRY_NAME,COUNTRY_ENAME) VALUES('미얀마','Myanmar');
INSERT INTO yeogil.COUNTRY(COUNTRY_NAME,COUNTRY_ENAME) VALUES('인도','India');
INSERT INTO yeogil.COUNTRY(COUNTRY_NAME,COUNTRY_ENAME) VALUES('태국','Thailand');
INSERT INTO yeogil.COUNTRY(COUNTRY_NAME,COUNTRY_ENAME) VALUES('일본','Japan');
INSERT INTO yeogil.COUNTRY(COUNTRY_NAME,COUNTRY_ENAME) VALUES('중국','China');
INSERT INTO yeogil.COUNTRY(COUNTRY_NAME,COUNTRY_ENAME) VALUES('필리핀','Philippines');
INSERT INTO yeogil.COUNTRY(COUNTRY_NAME,COUNTRY_ENAME) VALUES('홍콩','Hongkong');
INSERT INTO yeogil.COUNTRY(COUNTRY_NAME,COUNTRY_ENAME) VALUES('독일','Germany');
INSERT INTO yeogil.COUNTRY(COUNTRY_NAME,COUNTRY_ENAME) VALUES('영국','United Kingdom');
INSERT INTO yeogil.COUNTRY(COUNTRY_NAME,COUNTRY_ENAME) VALUES('러시아','Russia');
INSERT INTO yeogil.COUNTRY(COUNTRY_NAME,COUNTRY_ENAME) VALUES('폴란드','Poland');
INSERT INTO yeogil.COUNTRY(COUNTRY_NAME,COUNTRY_ENAME) VALUES('덴마크','Denmark');
INSERT INTO yeogil.COUNTRY(COUNTRY_NAME,COUNTRY_ENAME) VALUES('모나코','Monaco');
INSERT INTO yeogil.COUNTRY(COUNTRY_NAME,COUNTRY_ENAME) VALUES('벨기에','Belgium');
INSERT INTO yeogil.COUNTRY(COUNTRY_NAME,COUNTRY_ENAME) VALUES('루마니아','Romania');
INSERT INTO yeogil.COUNTRY(COUNTRY_NAME,COUNTRY_ENAME) VALUES('불가리아','Bulgaria');
INSERT INTO yeogil.COUNTRY(COUNTRY_NAME,COUNTRY_ENAME) VALUES('스웨덴','Sweden');
INSERT INTO yeogil.COUNTRY(COUNTRY_NAME,COUNTRY_ENAME) VALUES('스위스','Switzerland');
INSERT INTO yeogil.COUNTRY(COUNTRY_NAME,COUNTRY_ENAME) VALUES('스페인','Spain');
INSERT INTO yeogil.COUNTRY(COUNTRY_NAME,COUNTRY_ENAME) VALUES('핀란드','Finland');

UPDATE yeogil.COUNTRY SET COUNTRY_LAT='22.198592', COUNTRY_LNG='113.543206' WHERE  COUNTRY_SEQ=1;
SELECT COUNTRY_SEQ, COUNTRY_NAME, COUNTRY_ENAME, CONTINENT_NAME, COUNTRY_LAT, COUNTRY_LNG FROM yeogil.COUNTRY WHERE  COUNTRY_SEQ=1;
UPDATE yeogil.COUNTRY SET COUNTRY_LAT='-7.7955798', COUNTRY_LNG='110.3694896' WHERE  COUNTRY_SEQ=2;
SELECT COUNTRY_SEQ, COUNTRY_NAME, COUNTRY_ENAME, CONTINENT_NAME, COUNTRY_LAT, COUNTRY_LNG FROM yeogil.COUNTRY WHERE  COUNTRY_SEQ=2;
UPDATE yeogil.COUNTRY SET COUNTRY_LAT='4.17528', COUNTRY_LNG='73.50889' WHERE  COUNTRY_SEQ=3;
SELECT COUNTRY_SEQ, COUNTRY_NAME, COUNTRY_ENAME, CONTINENT_NAME, COUNTRY_LAT, COUNTRY_LNG FROM yeogil.COUNTRY WHERE  COUNTRY_SEQ=3;
UPDATE yeogil.COUNTRY SET COUNTRY_LAT='17.96333', COUNTRY_LNG='102.61444' WHERE  COUNTRY_SEQ=4;
SELECT COUNTRY_SEQ, COUNTRY_NAME, COUNTRY_ENAME, CONTINENT_NAME, COUNTRY_LAT, COUNTRY_LNG FROM yeogil.COUNTRY WHERE  COUNTRY_SEQ=4;
UPDATE yeogil.COUNTRY SET COUNTRY_LAT='23.69781 ', COUNTRY_LNG='120.960515' WHERE  COUNTRY_SEQ=5;
SELECT COUNTRY_SEQ, COUNTRY_NAME, COUNTRY_ENAME, CONTINENT_NAME, COUNTRY_LAT, COUNTRY_LNG FROM yeogil.COUNTRY WHERE  COUNTRY_SEQ=5;
UPDATE yeogil.COUNTRY SET COUNTRY_LAT='21.03333', COUNTRY_LNG='105.85000' WHERE  COUNTRY_SEQ=6;
SELECT COUNTRY_SEQ, COUNTRY_NAME, COUNTRY_ENAME, CONTINENT_NAME, COUNTRY_LAT, COUNTRY_LNG FROM yeogil.COUNTRY WHERE  COUNTRY_SEQ=6;
UPDATE yeogil.COUNTRY SET COUNTRY_LAT='6.93444', COUNTRY_LNG='79.84278' WHERE  COUNTRY_SEQ=7;
SELECT COUNTRY_SEQ, COUNTRY_NAME, COUNTRY_ENAME, CONTINENT_NAME, COUNTRY_LAT, COUNTRY_LNG FROM yeogil.COUNTRY WHERE  COUNTRY_SEQ=7;
UPDATE yeogil.COUNTRY SET COUNTRY_LAT='1.28333', COUNTRY_LNG='103.85' WHERE  COUNTRY_SEQ=8;
SELECT COUNTRY_SEQ, COUNTRY_NAME, COUNTRY_ENAME, CONTINENT_NAME, COUNTRY_LAT, COUNTRY_LNG FROM yeogil.COUNTRY WHERE  COUNTRY_SEQ=8;
UPDATE yeogil.COUNTRY SET COUNTRY_LAT='19.75056', COUNTRY_LNG='96.10056' WHERE  COUNTRY_SEQ=9;
SELECT COUNTRY_SEQ, COUNTRY_NAME, COUNTRY_ENAME, CONTINENT_NAME, COUNTRY_LAT, COUNTRY_LNG FROM yeogil.COUNTRY WHERE  COUNTRY_SEQ=9;
UPDATE yeogil.COUNTRY SET COUNTRY_LAT='28.61',COUNTRY_LNG='77.23' WHERE  COUNTRY_SEQ=10;
SELECT COUNTRY_SEQ, COUNTRY_NAME, COUNTRY_ENAME, CONTINENT_NAME, COUNTRY_LAT, COUNTRY_LNG FROM yeogil.COUNTRY WHERE  COUNTRY_SEQ=10;
UPDATE yeogil.COUNTRY SET COUNTRY_LAT='13.7522', COUNTRY_LNG='100.494' WHERE  COUNTRY_SEQ=11;
SELECT COUNTRY_SEQ, COUNTRY_NAME, COUNTRY_ENAME, CONTINENT_NAME, COUNTRY_LAT, COUNTRY_LNG FROM yeogil.COUNTRY WHERE  COUNTRY_SEQ=11;
UPDATE yeogil.COUNTRY SET COUNTRY_LAT='35.6894', COUNTRY_LNG='139.692' WHERE  COUNTRY_SEQ=12;
SELECT COUNTRY_SEQ, COUNTRY_NAME, COUNTRY_ENAME, CONTINENT_NAME, COUNTRY_LAT, COUNTRY_LNG FROM yeogil.COUNTRY WHERE  COUNTRY_SEQ=12;
UPDATE yeogil.COUNTRY SET COUNTRY_LAT='39.9035', COUNTRY_LNG='116.388' WHERE  COUNTRY_SEQ=13;
SELECT COUNTRY_SEQ, COUNTRY_NAME, COUNTRY_ENAME, CONTINENT_NAME, COUNTRY_LAT, COUNTRY_LNG FROM yeogil.COUNTRY WHERE  COUNTRY_SEQ=13;
UPDATE yeogil.COUNTRY SET COUNTRY_LAT='14.6006', COUNTRY_LNG='120.982' WHERE  COUNTRY_SEQ=14;
SELECT COUNTRY_SEQ, COUNTRY_NAME, COUNTRY_ENAME, CONTINENT_NAME, COUNTRY_LAT, COUNTRY_LNG FROM yeogil.COUNTRY WHERE  COUNTRY_SEQ=14;
UPDATE yeogil.COUNTRY SET COUNTRY_LAT='22.315', COUNTRY_LNG='114.17222' WHERE  COUNTRY_SEQ=15;
SELECT COUNTRY_SEQ, COUNTRY_NAME, COUNTRY_ENAME, CONTINENT_NAME, COUNTRY_LAT, COUNTRY_LNG FROM yeogil.COUNTRY WHERE  COUNTRY_SEQ=15;
UPDATE yeogil.COUNTRY SET COUNTRY_LAT='52.50056', COUNTRY_LNG='13.39889' WHERE  COUNTRY_SEQ=16;
SELECT COUNTRY_SEQ, COUNTRY_NAME, COUNTRY_ENAME, CONTINENT_NAME, COUNTRY_LAT, COUNTRY_LNG FROM yeogil.COUNTRY WHERE  COUNTRY_SEQ=16;
UPDATE yeogil.COUNTRY SET COUNTRY_LAT='51.5072', COUNTRY_LNG='-0.1275' WHERE  COUNTRY_SEQ=17;
SELECT COUNTRY_SEQ, COUNTRY_NAME, COUNTRY_ENAME, CONTINENT_NAME, COUNTRY_LAT, COUNTRY_LNG FROM yeogil.COUNTRY WHERE  COUNTRY_SEQ=17;
UPDATE yeogil.COUNTRY SET COUNTRY_LAT='55.75000', COUNTRY_LNG='37.61667' WHERE  COUNTRY_SEQ=18;
SELECT COUNTRY_SEQ, COUNTRY_NAME, COUNTRY_ENAME, CONTINENT_NAME, COUNTRY_LAT, COUNTRY_LNG FROM yeogil.COUNTRY WHERE  COUNTRY_SEQ=18;
UPDATE yeogil.COUNTRY SET COUNTRY_LAT='21.0122287', COUNTRY_LNG='52.2296756' WHERE  COUNTRY_SEQ=19;
SELECT COUNTRY_SEQ, COUNTRY_NAME, COUNTRY_ENAME, CONTINENT_NAME, COUNTRY_LAT, COUNTRY_LNG FROM yeogil.COUNTRY WHERE  COUNTRY_SEQ=19;
UPDATE yeogil.COUNTRY SET COUNTRY_LAT='55.67611', COUNTRY_LNG='12.56833' WHERE  COUNTRY_SEQ=20;
SELECT COUNTRY_SEQ, COUNTRY_NAME, COUNTRY_ENAME, CONTINENT_NAME, COUNTRY_LAT, COUNTRY_LNG FROM yeogil.COUNTRY WHERE  COUNTRY_SEQ=20;
UPDATE yeogil.COUNTRY SET COUNTRY_LAT='43.73111', COUNTRY_LNG='7.42361' WHERE  COUNTRY_SEQ=21;
SELECT COUNTRY_SEQ, COUNTRY_NAME, COUNTRY_ENAME, CONTINENT_NAME, COUNTRY_LAT, COUNTRY_LNG FROM yeogil.COUNTRY WHERE  COUNTRY_SEQ=21;
UPDATE yeogil.COUNTRY SET COUNTRY_LAT='50.8333', COUNTRY_LNG='4.35' WHERE  COUNTRY_SEQ=22;
SELECT COUNTRY_SEQ, COUNTRY_NAME, COUNTRY_ENAME, CONTINENT_NAME, COUNTRY_LAT, COUNTRY_LNG FROM yeogil.COUNTRY WHERE  COUNTRY_SEQ=22;
UPDATE yeogil.COUNTRY SET COUNTRY_LAT='44.4353', COUNTRY_LNG='26.1028' WHERE  COUNTRY_SEQ=23;
SELECT COUNTRY_SEQ, COUNTRY_NAME, COUNTRY_ENAME, CONTINENT_NAME, COUNTRY_LAT, COUNTRY_LNG FROM yeogil.COUNTRY WHERE  COUNTRY_SEQ=23;
UPDATE yeogil.COUNTRY SET COUNTRY_LAT='42.70', COUNTRY_LNG='23.32' WHERE  COUNTRY_SEQ=24;
SELECT COUNTRY_SEQ, COUNTRY_NAME, COUNTRY_ENAME, CONTINENT_NAME, COUNTRY_LAT, COUNTRY_LNG FROM yeogil.COUNTRY WHERE  COUNTRY_SEQ=24;
UPDATE yeogil.COUNTRY SET COUNTRY_LAT='59.316666', COUNTRY_LNG='18.049999' WHERE  COUNTRY_SEQ=25;
SELECT COUNTRY_SEQ, COUNTRY_NAME, COUNTRY_ENAME, CONTINENT_NAME, COUNTRY_LAT, COUNTRY_LNG FROM yeogil.COUNTRY WHERE  COUNTRY_SEQ=25;
UPDATE yeogil.COUNTRY SET COUNTRY_LAT='46.9489', COUNTRY_LNG='7.40737' WHERE  COUNTRY_SEQ=26;
SELECT COUNTRY_SEQ, COUNTRY_NAME, COUNTRY_ENAME, CONTINENT_NAME, COUNTRY_LAT, COUNTRY_LNG FROM yeogil.COUNTRY WHERE  COUNTRY_SEQ=26;
UPDATE yeogil.COUNTRY SET COUNTRY_LAT='40.4167', COUNTRY_LNG='-3.70325' WHERE  COUNTRY_SEQ=27;
SELECT COUNTRY_SEQ, COUNTRY_NAME, COUNTRY_ENAME, CONTINENT_NAME, COUNTRY_LAT, COUNTRY_LNG FROM yeogil.COUNTRY WHERE  COUNTRY_SEQ=27;
UPDATE yeogil.COUNTRY SET COUNTRY_LAT='60.1699', COUNTRY_LNG='24.9384' WHERE  COUNTRY_SEQ=28;
SELECT COUNTRY_SEQ, COUNTRY_NAME, COUNTRY_ENAME, CONTINENT_NAME, COUNTRY_LAT, COUNTRY_LNG FROM yeogil.COUNTRY WHERE  COUNTRY_SEQ=28;

-- 도시 INSERT

INSERT INTO yeogil.CITY(CITY_NAME,CITY_ENAME) VALUES(타이베이,Taipei);
INSERT INTO yeogil.CITY(CITY_NAME,CITY_ENAME) VALUES(타이난,Tainan);
INSERT INTO yeogil.CITY(CITY_NAME,CITY_ENAME) VALUES(이란,Yilan);
INSERT INTO yeogil.CITY(CITY_NAME,CITY_ENAME) VALUES(타이중,Taitung);
INSERT INTO yeogil.CITY(CITY_NAME,CITY_ENAME) VALUES(가오슝,Kaohsiung);
INSERT INTO yeogil.CITY(CITY_NAME,CITY_ENAME) VALUES(신베이,New Taipei City);
INSERT INTO yeogil.CITY(CITY_NAME,CITY_ENAME) VALUES(화롄,Hualien);
INSERT INTO yeogil.CITY(CITY_NAME,CITY_ENAME) VALUES(타이둥,Taitung);

UPDATE yeogil.CITY SET CITY_LAT=23.69781 , CITY_LNG=120.960515 WHERE  CITY_SEQ=1;
SELECT CITY_SEQ, CITY_NAME, CITY_ENAME, CITY_LAT, CITY_LNG FROM yeogil.CITY WHERE  CITY_SEQ=1;
UPDATE yeogil.CITY SET CITY_LAT=120.2268758, CITY_LNG=22.9998999 WHERE  CITY_SEQ=2;
SELECT CITY_SEQ, CITY_NAME, CITY_ENAME, CITY_LAT, CITY_LNG FROM yeogil.CITY WHERE  CITY_SEQ=2;
UPDATE yeogil.CITY SET CITY_LAT=121.7377502, CITY_LNG=24.7021073 WHERE  CITY_SEQ=3;
SELECT CITY_SEQ, CITY_NAME, CITY_ENAME, CITY_LAT, CITY_LNG FROM yeogil.CITY WHERE  CITY_SEQ=3;
UPDATE yeogil.CITY SET CITY_LAT=120.6003376, CITY_LNG=24.2554817 WHERE  CITY_SEQ=4;
SELECT CITY_SEQ, CITY_NAME, CITY_ENAME, CITY_LAT, CITY_LNG FROM yeogil.CITY WHERE  CITY_SEQ=4;
UPDATE yeogil.CITY SET CITY_LAT=120.3014353 WHERE  CITY_SEQ=5;
SELECT CITY_SEQ, CITY_NAME, CITY_ENAME, CITY_LAT, CITY_LNG FROM yeogil.CITY WHERE  CITY_SEQ=5;
UPDATE yeogil.CITY SET CITY_LNG=22.6272784 WHERE  CITY_SEQ=5;
SELECT CITY_SEQ, CITY_NAME, CITY_ENAME, CITY_LAT, CITY_LNG FROM yeogil.CITY WHERE  CITY_SEQ=5;
UPDATE yeogil.CITY SET CITY_LAT=121.4627868, CITY_LNG=25.0169826 WHERE  CITY_SEQ=6;
SELECT CITY_SEQ, CITY_NAME, CITY_ENAME, CITY_LAT, CITY_LNG FROM yeogil.CITY WHERE  CITY_SEQ=6;
UPDATE yeogil.CITY SET CITY_LAT=23.977 WHERE  CITY_SEQ=7;
SELECT CITY_SEQ, CITY_NAME, CITY_ENAME, CITY_LAT, CITY_LNG FROM yeogil.CITY WHERE  CITY_SEQ=7;
UPDATE yeogil.CITY SET CITY_LNG=121.604 WHERE  CITY_SEQ=7;
SELECT CITY_SEQ, CITY_NAME, CITY_ENAME, CITY_LAT, CITY_LNG FROM yeogil.CITY WHERE  CITY_SEQ=7;
UPDATE yeogil.CITY SET CITY_LAT=121.0713702, CITY_LNG=22.7972447 WHERE  CITY_SEQ=8;
SELECT CITY_SEQ, CITY_NAME, CITY_ENAME, CITY_LAT, CITY_LNG FROM yeogil.CITY WHERE  CITY_SEQ=8;


-- 관광지 
UPDATE yeogil.ATTRACTION SET COUNTRY_NAME='Taiwan' WHERE  ATTR_SEQ=1;
SELECT ATTR_SEQ, ATTR_NAME, ATTR_ENAME, ATTR_LAT, ATTR_LNG, CITY_ENAME, ATTR_IMG, COUNTRY_NAME FROM yeogil.ATTRACTION WHERE  ATTR_SEQ=1;
UPDATE yeogil.ATTRACTION SET COUNTRY_NAME='Taiwan' WHERE  ATTR_SEQ=2;
SELECT ATTR_SEQ, ATTR_NAME, ATTR_ENAME, ATTR_LAT, ATTR_LNG, CITY_ENAME, ATTR_IMG, COUNTRY_NAME FROM yeogil.ATTRACTION WHERE  ATTR_SEQ=2;
UPDATE yeogil.ATTRACTION SET COUNTRY_NAME='Taiwan' WHERE  ATTR_SEQ=3;
SELECT ATTR_SEQ, ATTR_NAME, ATTR_ENAME, ATTR_LAT, ATTR_LNG, CITY_ENAME, ATTR_IMG, COUNTRY_NAME FROM yeogil.ATTRACTION WHERE  ATTR_SEQ=3;
UPDATE yeogil.ATTRACTION SET COUNTRY_NAME='Taiwan' WHERE  ATTR_SEQ=4;
SELECT ATTR_SEQ, ATTR_NAME, ATTR_ENAME, ATTR_LAT, ATTR_LNG, CITY_ENAME, ATTR_IMG, COUNTRY_NAME FROM yeogil.ATTRACTION WHERE  ATTR_SEQ=4;
UPDATE yeogil.ATTRACTION SET COUNTRY_NAME='Taiwan' WHERE  ATTR_SEQ=5;
SELECT ATTR_SEQ, ATTR_NAME, ATTR_ENAME, ATTR_LAT, ATTR_LNG, CITY_ENAME, ATTR_IMG, COUNTRY_NAME FROM yeogil.ATTRACTION WHERE  ATTR_SEQ=5;
UPDATE yeogil.ATTRACTION SET COUNTRY_NAME='Taiwan' WHERE  ATTR_SEQ=6;
SELECT ATTR_SEQ, ATTR_NAME, ATTR_ENAME, ATTR_LAT, ATTR_LNG, CITY_ENAME, ATTR_IMG, COUNTRY_NAME FROM yeogil.ATTRACTION WHERE  ATTR_SEQ=6;
UPDATE yeogil.ATTRACTION SET COUNTRY_NAME='Taiwan' WHERE  ATTR_SEQ=7;
SELECT ATTR_SEQ, ATTR_NAME, ATTR_ENAME, ATTR_LAT, ATTR_LNG, CITY_ENAME, ATTR_IMG, COUNTRY_NAME FROM yeogil.ATTRACTION WHERE  ATTR_SEQ=7;
UPDATE yeogil.ATTRACTION SET COUNTRY_NAME='Taiwan' WHERE  ATTR_SEQ=8;
SELECT ATTR_SEQ, ATTR_NAME, ATTR_ENAME, ATTR_LAT, ATTR_LNG, CITY_ENAME, ATTR_IMG, COUNTRY_NAME FROM yeogil.ATTRACTION WHERE  ATTR_SEQ=8;
UPDATE yeogil.ATTRACTION SET COUNTRY_NAME='Taiwan' WHERE  ATTR_SEQ=9;
SELECT ATTR_SEQ, ATTR_NAME, ATTR_ENAME, ATTR_LAT, ATTR_LNG, CITY_ENAME, ATTR_IMG, COUNTRY_NAME FROM yeogil.ATTRACTION WHERE  ATTR_SEQ=9;
UPDATE yeogil.ATTRACTION SET COUNTRY_NAME='Taiwan' WHERE  ATTR_SEQ=10;
SELECT ATTR_SEQ, ATTR_NAME, ATTR_ENAME, ATTR_LAT, ATTR_LNG, CITY_ENAME, ATTR_IMG, COUNTRY_NAME FROM yeogil.ATTRACTION WHERE  ATTR_SEQ=10;
UPDATE yeogil.ATTRACTION SET COUNTRY_NAME='Taiwan' WHERE  ATTR_SEQ=11;
SELECT ATTR_SEQ, ATTR_NAME, ATTR_ENAME, ATTR_LAT, ATTR_LNG, CITY_ENAME, ATTR_IMG, COUNTRY_NAME FROM yeogil.ATTRACTION WHERE  ATTR_SEQ=11;
UPDATE yeogil.ATTRACTION SET COUNTRY_NAME='Taiwan' WHERE  ATTR_SEQ=12;
SELECT ATTR_SEQ, ATTR_NAME, ATTR_ENAME, ATTR_LAT, ATTR_LNG, CITY_ENAME, ATTR_IMG, COUNTRY_NAME FROM yeogil.ATTRACTION WHERE  ATTR_SEQ=12;
UPDATE yeogil.ATTRACTION SET COUNTRY_NAME='Taiwan' WHERE  ATTR_SEQ=13;
SELECT ATTR_SEQ, ATTR_NAME, ATTR_ENAME, ATTR_LAT, ATTR_LNG, CITY_ENAME, ATTR_IMG, COUNTRY_NAME FROM yeogil.ATTRACTION WHERE  ATTR_SEQ=13;
UPDATE yeogil.ATTRACTION SET COUNTRY_NAME='Taiwan' WHERE  ATTR_SEQ=14;
SELECT ATTR_SEQ, ATTR_NAME, ATTR_ENAME, ATTR_LAT, ATTR_LNG, CITY_ENAME, ATTR_IMG, COUNTRY_NAME FROM yeogil.ATTRACTION WHERE  ATTR_SEQ=14;
UPDATE yeogil.ATTRACTION SET COUNTRY_NAME='Taiwan' WHERE  ATTR_SEQ=15;
SELECT ATTR_SEQ, ATTR_NAME, ATTR_ENAME, ATTR_LAT, ATTR_LNG, CITY_ENAME, ATTR_IMG, COUNTRY_NAME FROM yeogil.ATTRACTION WHERE  ATTR_SEQ=15;
UPDATE yeogil.ATTRACTION SET COUNTRY_NAME='Taiwan' WHERE  ATTR_SEQ=16;
SELECT ATTR_SEQ, ATTR_NAME, ATTR_ENAME, ATTR_LAT, ATTR_LNG, CITY_ENAME, ATTR_IMG, COUNTRY_NAME FROM yeogil.ATTRACTION WHERE  ATTR_SEQ=16;

INSERT INTO yeogil.ATTRACTION (ATTR_NAME, ATTR_ENAME, ATTR_LAT, ATTR_LNG, CITY_ENAME) VALUES ('지미 공원', 'jimmy liao park', '24.752621', '121.757009', 'yilan');
SELECT ATTR_SEQ, ATTR_NAME, ATTR_ENAME, ATTR_LAT, ATTR_LNG, CITY_ENAME FROM yeogil.ATTRACTION WHERE  ATTR_SEQ=1;
INSERT INTO yeogil.ATTRACTION (ATTR_NAME, ATTR_ENAME, ATTR_LAT, ATTR_LNG, CITY_ENAME) VALUES ('블럭 박물관', 'brick ark museum', '24.731912', '121.763866', 'yilan');
SELECT ATTR_SEQ, ATTR_NAME, ATTR_ENAME, ATTR_LAT, ATTR_LNG, CITY_ENAME FROM yeogil.ATTRACTION WHERE  ATTR_SEQ=2;
INSERT INTO yeogil.ATTRACTION (ATTR_NAME, ATTR_ENAME, ATTR_LAT, ATTR_LNG, CITY_ENAME) VALUES ('동먼 시장', 'dongmen market', '24.757973', '121.758757', 'yilan');
SELECT ATTR_SEQ, ATTR_NAME, ATTR_ENAME, ATTR_LAT, ATTR_LNG, CITY_ENAME FROM yeogil.ATTRACTION WHERE  ATTR_SEQ=3;
INSERT INTO yeogil.ATTRACTION (ATTR_NAME, ATTR_ENAME, ATTR_LAT, ATTR_LNG, CITY_ENAME) VALUES ('후 카페', 'who cafe', '24.753095', '121.747070 ', 'yilan');
SELECT ATTR_SEQ, ATTR_NAME, ATTR_ENAME, ATTR_LAT, ATTR_LNG, CITY_ENAME FROM yeogil.ATTRACTION WHERE  ATTR_SEQ=4;
INSERT INTO yeogil.ATTRACTION (ATTR_NAME, ATTR_ENAME, ATTR_LAT, ATTR_LNG, CITY_ENAME) VALUES ('충렬사', 'taipei martyrs shrine', '22.626468', '120.273867', 'Kaohsiung');
SELECT ATTR_SEQ, ATTR_NAME, ATTR_ENAME, ATTR_LAT, ATTR_LNG, CITY_ENAME FROM yeogil.ATTRACTION WHERE  ATTR_SEQ=5;
INSERT INTO yeogil.ATTRACTION (ATTR_NAME, ATTR_ENAME, ATTR_LAT, ATTR_LNG, CITY_ENAME) VALUES ('다카오 철도이야기관', 'Takao Railway Agency', '22.621691', '120.275541', 'Kaohsiung');
SELECT ATTR_SEQ, ATTR_NAME, ATTR_ENAME, ATTR_LAT, ATTR_LNG, CITY_ENAME FROM yeogil.ATTRACTION WHERE  ATTR_SEQ=6;
INSERT INTO yeogil.ATTRACTION (ATTR_NAME, ATTR_ENAME, ATTR_LAT, ATTR_LNG, CITY_ENAME) VALUES ('가오슝 시립 역사 박물관', 'Kaohsiung National Museum of History', '22.626964', '120.286798', 'Kaohsiung');
SELECT ATTR_SEQ, ATTR_NAME, ATTR_ENAME, ATTR_LAT, ATTR_LNG, CITY_ENAME FROM yeogil.ATTRACTION WHERE  ATTR_SEQ=7;
INSERT INTO yeogil.ATTRACTION (ATTR_NAME, ATTR_ENAME, ATTR_LAT, ATTR_LNG, CITY_ENAME) VALUES ('서우산 동물원', 'Shoushan zoo', '22.634529', '120.275157', 'Kaohsiung');
SELECT ATTR_SEQ, ATTR_NAME, ATTR_ENAME, ATTR_LAT, ATTR_LNG, CITY_ENAME FROM yeogil.ATTRACTION WHERE  ATTR_SEQ=8;
INSERT INTO yeogil.ATTRACTION (ATTR_NAME, ATTR_ENAME, ATTR_LAT, ATTR_LNG, CITY_ENAME) VALUES ('씽종 야시장', 'Ssingjong market', '22.614866', '120.306825', 'Kaohsiung');
SELECT ATTR_SEQ, ATTR_NAME, ATTR_ENAME, ATTR_LAT, ATTR_LNG, CITY_ENAME FROM yeogil.ATTRACTION WHERE  ATTR_SEQ=9;
INSERT INTO yeogil.ATTRACTION (ATTR_NAME, ATTR_ENAME, ATTR_LAT, ATTR_LNG, CITY_ENAME) VALUES ('타이중공원', 'Taichung park', '24.144866', '120.684502', 'Taitung');
SELECT ATTR_SEQ, ATTR_NAME, ATTR_ENAME, ATTR_LAT, ATTR_LNG, CITY_ENAME FROM yeogil.ATTRACTION WHERE  ATTR_SEQ=10;
INSERT INTO yeogil.ATTRACTION (ATTR_NAME, ATTR_ENAME, ATTR_LAT, ATTR_LNG, CITY_ENAME) VALUES ('야키니쿠 전문 식당', 'Yakiniku Resturant', '24.150734', '120.666349', 'Taitung');
SELECT ATTR_SEQ, ATTR_NAME, ATTR_ENAME, ATTR_LAT, ATTR_LNG, CITY_ENAME FROM yeogil.ATTRACTION WHERE  ATTR_SEQ=11;
INSERT INTO yeogil.ATTRACTION (ATTR_NAME, ATTR_ENAME, ATTR_LAT, ATTR_LNG, CITY_ENAME) VALUES ('타이베이 시립 미술관', 'Taipei National art Museum', '25.072414', '121.524808', 'Taipei');
SELECT ATTR_SEQ, ATTR_NAME, ATTR_ENAME, ATTR_LAT, ATTR_LNG, CITY_ENAME FROM yeogil.ATTRACTION WHERE  ATTR_SEQ=12;
INSERT INTO yeogil.ATTRACTION (ATTR_NAME, ATTR_ENAME, ATTR_LAT, ATTR_LNG, CITY_ENAME) VALUES ('라오허제 야시장', 'Raohe Market', '25.050966', '121.577537', 'Taipei');
SELECT ATTR_SEQ, ATTR_NAME, ATTR_ENAME, ATTR_LAT, ATTR_LNG, CITY_ENAME FROM yeogil.ATTRACTION WHERE  ATTR_SEQ=13;
INSERT INTO yeogil.ATTRACTION (ATTR_NAME, ATTR_ENAME, ATTR_LAT, ATTR_LNG, CITY_ENAME) VALUES ('자유 직업 체험 성지', 'BabyBoss', '25.048094', '121.562273', 'Taipei');
SELECT ATTR_SEQ, ATTR_NAME, ATTR_ENAME, ATTR_LAT, ATTR_LNG, CITY_ENAME FROM yeogil.ATTRACTION WHERE  ATTR_SEQ=14;
INSERT INTO yeogil.ATTRACTION (ATTR_NAME, ATTR_ENAME, ATTR_LAT, ATTR_LNG, CITY_ENAME) VALUES ('타이베이 아레나', 'Taipei Arena', '25.051390', '121.549739', 'Taipei');
SELECT ATTR_SEQ, ATTR_NAME, ATTR_ENAME, ATTR_LAT, ATTR_LNG, CITY_ENAME FROM yeogil.ATTRACTION WHERE  ATTR_SEQ=15;
INSERT INTO yeogil.ATTRACTION (ATTR_NAME, ATTR_ENAME, ATTR_LAT, ATTR_LNG, CITY_ENAME) VALUES ('대만 국립 고궁 박물관', 'TAIWAN National Palace Museum', '25.102352', '121.548484', 'Taipei');
SELECT ATTR_SEQ, ATTR_NAME, ATTR_ENAME, ATTR_LAT, ATTR_LNG, CITY_ENAME FROM yeogil.ATTRACTION WHERE  ATTR_SEQ=16;



--MEMSCH insert
INSERT INTO yeogil.MEMSCH(MS_COUNTRY_NAME,MS_TITLE,MEMBER_ID) VALUES('대만','대만이 좋아.','1075836473');
INSERT INTO yeogil.MEMSCH(MS_COUNTRY_NAME,MS_TITLE,MEMBER_ID) VALUES('대만','대만이 좋아요.','1073491307');
INSERT INTO yeogil.MEMSCH(MS_COUNTRY_NAME,MS_TITLE,MEMBER_ID) VALUES('대만','대만가자.','1076528500');
INSERT INTO yeogil.MEMSCH(MS_COUNTRY_NAME,MS_TITLE,MEMBER_ID) VALUES('대만','나의 첫 여행.','1073491307');
INSERT INTO yeogil.MEMSCH(MS_COUNTRY_NAME,MS_TITLE,MEMBER_ID) VALUES('대만','해외여행 대만','1075836473');
INSERT INTO yeogil.MEMSCH(MS_COUNTRY_NAME,MS_TITLE,MEMBER_ID) VALUES('대만','대만여행쓰','1076528500');
INSERT INTO yeogil.MEMSCH(MS_COUNTRY_NAME,MS_TITLE,MEMBER_ID) VALUES('대만','해외여행 대만좋아','1076783255');
INSERT INTO yeogil.MEMSCH(MS_COUNTRY_NAME,MS_TITLE,MEMBER_ID) VALUES('대만','대만으로 떠나자','1076519585');
INSERT INTO yeogil.MEMSCH(MS_COUNTRY_NAME,MS_TITLE,MEMBER_ID) VALUES('대만','대만으로 떠나보자','1076783255');
INSERT INTO yeogil.MEMSCH(MS_COUNTRY_NAME,MS_TITLE,MEMBER_ID) VALUES('대만','가자 대만으로','1073491307');
INSERT INTO yeogil.MEMSCH(MS_COUNTRY_NAME,MS_TITLE,MEMBER_ID) VALUES('대만','떠나자 대만으로','1075836473');
INSERT INTO yeogil.MEMSCH(MS_COUNTRY_NAME,MS_TITLE,MEMBER_ID) VALUES('대만','가자가자 대만','1073491307');
INSERT INTO yeogil.MEMSCH(MS_COUNTRY_NAME,MS_TITLE,MEMBER_ID) VALUES('대만','가보자 대만으로','1076528500');
INSERT INTO yeogil.MEMSCH(MS_COUNTRY_NAME,MS_TITLE,MEMBER_ID) VALUES('대만','좋아 가는 거야 대만','1076783255');
INSERT INTO yeogil.MEMSCH(MS_COUNTRY_NAME,MS_TITLE,MEMBER_ID) VALUES('대만','대만으로 갑시다','1073491307');
INSERT INTO yeogil.MEMSCH(MS_COUNTRY_NAME,MS_TITLE,MEMBER_ID) VALUES('대만','나홀로 여행','1075836473');
INSERT INTO yeogil.MEMSCH(MS_COUNTRY_NAME,MS_TITLE,MEMBER_ID) VALUES('대만','혼자 첫 해외여행','1075836473');
INSERT INTO yeogil.MEMSCH(MS_COUNTRY_NAME,MS_TITLE,MEMBER_ID) VALUES('대만','해외여행을 혼자서 가보자','1073491307');
INSERT INTO yeogil.MEMSCH(MS_COUNTRY_NAME,MS_TITLE,MEMBER_ID) VALUES('대만','혼자가는 대만여행','1076528500');
INSERT INTO yeogil.MEMSCH(MS_COUNTRY_NAME,MS_TITLE,MEMBER_ID) VALUES('대만','둘이서 떠나는 대만여행','1076528500');
INSERT INTO yeogil.MEMSCH(MS_COUNTRY_NAME,MS_TITLE,MEMBER_ID) VALUES('대만','가족여행은 대만으로','1073491307');
INSERT INTO yeogil.MEMSCH(MS_COUNTRY_NAME,MS_TITLE,MEMBER_ID) VALUES('대만','커플여행으로 대만이 좋아','1076519585');
INSERT INTO yeogil.MEMSCH(MS_COUNTRY_NAME,MS_TITLE,MEMBER_ID) VALUES('대만','대만 커플여행','1076783255');
INSERT INTO yeogil.MEMSCH(MS_COUNTRY_NAME,MS_TITLE,MEMBER_ID) VALUES('대만','커플여행은 대만이 최고','1073491307');
INSERT INTO yeogil.MEMSCH(MS_COUNTRY_NAME,MS_TITLE,MEMBER_ID) VALUES('대만','홀로 여행','1076783255');
INSERT INTO yeogil.MEMSCH(MS_COUNTRY_NAME,MS_TITLE,MEMBER_ID) VALUES('대만','나홀로 대만여행을 가보자','1076528500');
INSERT INTO yeogil.MEMSCH(MS_COUNTRY_NAME,MS_TITLE,MEMBER_ID) VALUES('대만','너무 기대되는 나의 여행 대만','1076519585');
INSERT INTO yeogil.MEMSCH(MS_COUNTRY_NAME,MS_TITLE,MEMBER_ID) VALUES('대만','기대 만땅 대만여행','1076519585');
INSERT INTO yeogil.MEMSCH(MS_COUNTRY_NAME,MS_TITLE,MEMBER_ID) VALUES('대만','행복을 위해서 떠나는 여행','1073491307');
INSERT INTO yeogil.MEMSCH(MS_COUNTRY_NAME,MS_TITLE,MEMBER_ID) VALUES('대만','나를 찾아 대만으로.','1076783255');
INSERT INTO yeogil.MEMSCH(MS_COUNTRY_NAME,MS_TITLE,MEMBER_ID) VALUES('대만','가보자 대만 좋아.','1075836473');
INSERT INTO yeogil.MEMSCH(MS_COUNTRY_NAME,MS_TITLE,MEMBER_ID) VALUES('대만','레츠고 대만 좋아요.','1073491307');
INSERT INTO yeogil.MEMSCH(MS_COUNTRY_NAME,MS_TITLE,MEMBER_ID) VALUES('대만','가자','1076528500');
INSERT INTO yeogil.MEMSCH(MS_COUNTRY_NAME,MS_TITLE,MEMBER_ID) VALUES('대만','첫 여행.','1073491307');
INSERT INTO yeogil.MEMSCH(MS_COUNTRY_NAME,MS_TITLE,MEMBER_ID) VALUES('대만','해외 여행 대만으로','1075836473');
INSERT INTO yeogil.MEMSCH(MS_COUNTRY_NAME,MS_TITLE,MEMBER_ID) VALUES('대만','대만여행 고고싱','1076528500');
INSERT INTO yeogil.MEMSCH(MS_COUNTRY_NAME,MS_TITLE,MEMBER_ID) VALUES('대만','해외여행 대만','1076783255');
INSERT INTO yeogil.MEMSCH(MS_COUNTRY_NAME,MS_TITLE,MEMBER_ID) VALUES('대만','사랑의 대만','1076519585');
INSERT INTO yeogil.MEMSCH(MS_COUNTRY_NAME,MS_TITLE,MEMBER_ID) VALUES('대만','내가 좋아 하는 여행지','1076783255');
INSERT INTO yeogil.MEMSCH(MS_COUNTRY_NAME,MS_TITLE,MEMBER_ID) VALUES('대만','3번째 가는 대만여행','1073491307');
INSERT INTO yeogil.MEMSCH(MS_COUNTRY_NAME,MS_TITLE,MEMBER_ID) VALUES('대만','최저가로 떠나는 대만여행','1075836473');
INSERT INTO yeogil.MEMSCH(MS_COUNTRY_NAME,MS_TITLE,MEMBER_ID) VALUES('대만','가성비 대만','1073491307');
INSERT INTO yeogil.MEMSCH(MS_COUNTRY_NAME,MS_TITLE,MEMBER_ID) VALUES('대만','대만은 가성비 갑','1076528500');
INSERT INTO yeogil.MEMSCH(MS_COUNTRY_NAME,MS_TITLE,MEMBER_ID) VALUES('대만','대만으로 떠나보자','1076783255');
INSERT INTO yeogil.MEMSCH(MS_COUNTRY_NAME,MS_TITLE,MEMBER_ID) VALUES('대만','떠나요 혼자서','1073491307');
INSERT INTO yeogil.MEMSCH(MS_COUNTRY_NAME,MS_TITLE,MEMBER_ID) VALUES('대만','가나요 대만 가나요','1075836473');
INSERT INTO yeogil.MEMSCH(MS_COUNTRY_NAME,MS_TITLE,MEMBER_ID) VALUES('대만','대만이 얼마나 좋은가','1075836473');
INSERT INTO yeogil.MEMSCH(MS_COUNTRY_NAME,MS_TITLE,MEMBER_ID) VALUES('대만','대만으로 갈까','1073491307');
INSERT INTO yeogil.MEMSCH(MS_COUNTRY_NAME,MS_TITLE,MEMBER_ID) VALUES('대만','최고의 여행지를 찾아서','1073491307');
INSERT INTO yeogil.MEMSCH(MS_COUNTRY_NAME,MS_TITLE,MEMBER_ID) VALUES('대만','둘이서 떠나는 대만여행','1076528500');
INSERT INTO yeogil.MEMSCH(MS_COUNTRY_NAME,MS_TITLE,MEMBER_ID) VALUES('대만','가족여행','1073491307');
INSERT INTO yeogil.MEMSCH(MS_COUNTRY_NAME,MS_TITLE,MEMBER_ID) VALUES('대만','커플여행','1076519585');
INSERT INTO yeogil.MEMSCH(MS_COUNTRY_NAME,MS_TITLE,MEMBER_ID) VALUES('대만','대만 커플여행기','1073491307');
INSERT INTO yeogil.MEMSCH(MS_COUNTRY_NAME,MS_TITLE,MEMBER_ID) VALUES('대만','커플여행은 대만이 최고로 좋아','1073491307');
INSERT INTO yeogil.MEMSCH(MS_COUNTRY_NAME,MS_TITLE,MEMBER_ID) VALUES('대만','홀로 해외여행','1076783255');
INSERT INTO yeogil.MEMSCH(MS_COUNTRY_NAME,MS_TITLE,MEMBER_ID) VALUES('대만','둘이서 떠나는 대만해외여행','1076528500');
INSERT INTO yeogil.MEMSCH(MS_COUNTRY_NAME,MS_TITLE,MEMBER_ID) VALUES('대만','가보자 둘이서 대만으로','1076519585');
INSERT INTO yeogil.MEMSCH(MS_COUNTRY_NAME,MS_TITLE,MEMBER_ID) VALUES('대만','항상 기대되는 대만여행','1076519585');
INSERT INTO yeogil.MEMSCH(MS_COUNTRY_NAME,MS_TITLE,MEMBER_ID) VALUES('대만','나보자 대만으로','1073491307');
INSERT INTO yeogil.MEMSCH(MS_COUNTRY_NAME,MS_TITLE,MEMBER_ID) VALUES('대만','좋아좋아 대만좋아','1073491307');
INSERT INTO yeogil.MEMSCH(MS_COUNTRY_NAME,MS_TITLE,MEMBER_ID) VALUES('대만','나의 여행','1075836473');
INSERT INTO yeogil.MEMSCH(MS_COUNTRY_NAME,MS_TITLE,MEMBER_ID) VALUES('대만','레츠고 대만 좋습니다.','1073491307');
INSERT INTO yeogil.MEMSCH(MS_COUNTRY_NAME,MS_TITLE,MEMBER_ID) VALUES('대만','가자 대만','1076528500');
INSERT INTO yeogil.MEMSCH(MS_COUNTRY_NAME,MS_TITLE,MEMBER_ID) VALUES('대만','첫 여행 대만이요.','1073491307');
INSERT INTO yeogil.MEMSCH(MS_COUNTRY_NAME,MS_TITLE,MEMBER_ID) VALUES('대만','해외 여행 대만입니다.','1075836473');
INSERT INTO yeogil.MEMSCH(MS_COUNTRY_NAME,MS_TITLE,MEMBER_ID) VALUES('대만','대만여행 고고싱','1076528500');
INSERT INTO yeogil.MEMSCH(MS_COUNTRY_NAME,MS_TITLE,MEMBER_ID) VALUES('대만','최고의 해외여행지 대만','1076783255');
INSERT INTO yeogil.MEMSCH(MS_COUNTRY_NAME,MS_TITLE,MEMBER_ID) VALUES('대만','사랑이 가득한 대만','1076519585');
INSERT INTO yeogil.MEMSCH(MS_COUNTRY_NAME,MS_TITLE,MEMBER_ID) VALUES('대만','제일 유명한 여행지','1076783255');
INSERT INTO yeogil.MEMSCH(MS_COUNTRY_NAME,MS_TITLE,MEMBER_ID) VALUES('대만','자주 가는 대만','1073491307');
INSERT INTO yeogil.MEMSCH(MS_COUNTRY_NAME,MS_TITLE,MEMBER_ID) VALUES('대만','가성비 왕 대만','1075836473');
INSERT INTO yeogil.MEMSCH(MS_COUNTRY_NAME,MS_TITLE,MEMBER_ID) VALUES('대만','대만은 사랑입니다.','1073491307');
INSERT INTO yeogil.MEMSCH(MS_COUNTRY_NAME,MS_TITLE,MEMBER_ID) VALUES('대만','대만을 가고싶다.','1076528500');
INSERT INTO yeogil.MEMSCH(MS_COUNTRY_NAME,MS_TITLE,MEMBER_ID) VALUES('대만','해외여행 언제가지','1076783255');
INSERT INTO yeogil.MEMSCH(MS_COUNTRY_NAME,MS_TITLE,MEMBER_ID) VALUES('대만','혼자서 떠나는 대만','1073491307');
INSERT INTO yeogil.MEMSCH(MS_COUNTRY_NAME,MS_TITLE,MEMBER_ID) VALUES('대만','대만으로','1075836473');
INSERT INTO yeogil.MEMSCH(MS_COUNTRY_NAME,MS_TITLE,MEMBER_ID) VALUES('대만','대만이 얼마나 좋은가','1075836473');
INSERT INTO yeogil.MEMSCH(MS_COUNTRY_NAME,MS_TITLE,MEMBER_ID) VALUES('대만','어디로 갈까요','1073491307');
INSERT INTO yeogil.MEMSCH(MS_COUNTRY_NAME,MS_TITLE,MEMBER_ID) VALUES('대만','최고의 여행지','1073491307');
INSERT INTO yeogil.MEMSCH(MS_COUNTRY_NAME,MS_TITLE,MEMBER_ID) VALUES('대만','나만 알고싶은 대만','1076528500');
INSERT INTO yeogil.MEMSCH(MS_COUNTRY_NAME,MS_TITLE,MEMBER_ID) VALUES('대만','가족여행 두번째 이야기','1073491307');
INSERT INTO yeogil.MEMSCH(MS_COUNTRY_NAME,MS_TITLE,MEMBER_ID) VALUES('대만','커플여행 이야기','1076519585');
INSERT INTO yeogil.MEMSCH(MS_COUNTRY_NAME,MS_TITLE,MEMBER_ID) VALUES('대만','대만 첫번째 커플여행기','1073491307');
INSERT INTO yeogil.MEMSCH(MS_COUNTRY_NAME,MS_TITLE,MEMBER_ID) VALUES('대만','누구와 어울리는 대만','1073491307');
INSERT INTO yeogil.MEMSCH(MS_COUNTRY_NAME,MS_TITLE,MEMBER_ID) VALUES('대만','갑시다 대만','1076783255');
INSERT INTO yeogil.MEMSCH(MS_COUNTRY_NAME,MS_TITLE,MEMBER_ID) VALUES('대만','둘이서 대만해외여행','1076528500');
INSERT INTO yeogil.MEMSCH(MS_COUNTRY_NAME,MS_TITLE,MEMBER_ID) VALUES('대만','가보자 대만으로','1076519585');
INSERT INTO yeogil.MEMSCH(MS_COUNTRY_NAME,MS_TITLE,MEMBER_ID) VALUES('대만','항상 좋은 대만여행','1076519585');
INSERT INTO yeogil.MEMSCH(MS_COUNTRY_NAME,MS_TITLE,MEMBER_ID) VALUES('대만','나를보는 대만으로','1073491307');
INSERT INTO yeogil.MEMSCH(MS_COUNTRY_NAME,MS_TITLE,MEMBER_ID) VALUES('대만','대만좋아','1073491307');
INSERT INTO yeogil.MEMSCH(MS_COUNTRY_NAME,MS_TITLE,MEMBER_ID) VALUES('대만','당신과 나의 여행지','1075836473');
INSERT INTO yeogil.MEMSCH(MS_COUNTRY_NAME,MS_TITLE,MEMBER_ID) VALUES('대만','갑시다 대만 좋습니다.','1073491307');
INSERT INTO yeogil.MEMSCH(MS_COUNTRY_NAME,MS_TITLE,MEMBER_ID) VALUES('대만','가자 기분좋은 대만으로','1076528500');
INSERT INTO yeogil.MEMSCH(MS_COUNTRY_NAME,MS_TITLE,MEMBER_ID) VALUES('대만','두번째 여행 대만이요.','1073491307');
INSERT INTO yeogil.MEMSCH(MS_COUNTRY_NAME,MS_TITLE,MEMBER_ID) VALUES('대만','나의 첫 해외 여행 대만입니다.','1075836473');
INSERT INTO yeogil.MEMSCH(MS_COUNTRY_NAME,MS_TITLE,MEMBER_ID) VALUES('대만','대만으로 고고싱','1076528500');
INSERT INTO yeogil.MEMSCH(MS_COUNTRY_NAME,MS_TITLE,MEMBER_ID) VALUES('대만','최고의 동남아 대만','1076783255');
INSERT INTO yeogil.MEMSCH(MS_COUNTRY_NAME,MS_TITLE,MEMBER_ID) VALUES('대만','증거움이 가득한 대만','1076519585');
INSERT INTO yeogil.MEMSCH(MS_COUNTRY_NAME,MS_TITLE,MEMBER_ID) VALUES('대만','행복한 여행지','1076783255');
INSERT INTO yeogil.MEMSCH(MS_COUNTRY_NAME,MS_TITLE,MEMBER_ID) VALUES('대만','자주 가는 대만으로','1073491307');
INSERT INTO yeogil.MEMSCH(MS_COUNTRY_NAME,MS_TITLE,MEMBER_ID) VALUES('대만','행복전도 대만','1075836473');
INSERT INTO yeogil.MEMSCH(MS_COUNTRY_NAME,MS_TITLE,MEMBER_ID) VALUES('대만','대만으로 떠나자','1073491307');
INSERT INTO yeogil.MEMSCH(MS_COUNTRY_NAME,MS_TITLE,MEMBER_ID) VALUES('대만','대만을 사랑한 사람','1076528500');
INSERT INTO yeogil.MEMSCH(MS_COUNTRY_NAME,MS_TITLE,MEMBER_ID) VALUES('대만','즐거운 해외여행','1076783255');
INSERT INTO yeogil.MEMSCH(MS_COUNTRY_NAME,MS_TITLE,MEMBER_ID) VALUES('대만','나의 여행 대만','1073491307');
INSERT INTO yeogil.MEMSCH(MS_COUNTRY_NAME,MS_TITLE,MEMBER_ID) VALUES('대만','대만과 인연','1075836473');
INSERT INTO yeogil.MEMSCH(MS_COUNTRY_NAME,MS_TITLE,MEMBER_ID) VALUES('대만','대만으로 갑시다.','1075836473');
INSERT INTO yeogil.MEMSCH(MS_COUNTRY_NAME,MS_TITLE,MEMBER_ID) VALUES('대만','추천 해외여행지','1073491307');
INSERT INTO yeogil.MEMSCH(MS_COUNTRY_NAME,MS_TITLE,MEMBER_ID) VALUES('대만','추천 동남아','1073491307');
INSERT INTO yeogil.MEMSCH(MS_COUNTRY_NAME,MS_TITLE,MEMBER_ID) VALUES('대만','너만 아는 대만','1076528500');
INSERT INTO yeogil.MEMSCH(MS_COUNTRY_NAME,MS_TITLE,MEMBER_ID) VALUES('대만','가족여행 대만여행','1073491307');
INSERT INTO yeogil.MEMSCH(MS_COUNTRY_NAME,MS_TITLE,MEMBER_ID) VALUES('대만','커플여행 대만여행','1076519585');
INSERT INTO yeogil.MEMSCH(MS_COUNTRY_NAME,MS_TITLE,MEMBER_ID) VALUES('대만','어느 커플여행기','1073491307');
INSERT INTO yeogil.MEMSCH(MS_COUNTRY_NAME,MS_TITLE,MEMBER_ID) VALUES('대만','누구나 어울리는 대만','1073491307');
INSERT INTO yeogil.MEMSCH(MS_COUNTRY_NAME,MS_TITLE,MEMBER_ID) VALUES('대만','갈까요 대만','1076783255');
INSERT INTO yeogil.MEMSCH(MS_COUNTRY_NAME,MS_TITLE,MEMBER_ID) VALUES('대만','둘이서 동남아 여행','1076528500');
INSERT INTO yeogil.MEMSCH(MS_COUNTRY_NAME,MS_TITLE,MEMBER_ID) VALUES('대만','가보자','1076519585');
INSERT INTO yeogil.MEMSCH(MS_COUNTRY_NAME,MS_TITLE,MEMBER_ID) VALUES('대만','만족스런 대만여행','1076519585');
INSERT INTO yeogil.MEMSCH(MS_COUNTRY_NAME,MS_TITLE,MEMBER_ID) VALUES('대만','나의 대만으로','1073491307');
INSERT INTO yeogil.MEMSCH(MS_COUNTRY_NAME,MS_TITLE,MEMBER_ID) VALUES('대만','대만좋아요','1073491307');
INSERT INTO yeogil.MEMSCH(MS_COUNTRY_NAME,MS_TITLE,MEMBER_ID) VALUES('대만','나의 여행지 대만','1075836473');
INSERT INTO yeogil.MEMSCH(MS_COUNTRY_NAME,MS_TITLE,MEMBER_ID) VALUES('대만','레츠고 대만 좋아여.','1073491307');
INSERT INTO yeogil.MEMSCH(MS_COUNTRY_NAME,MS_TITLE,MEMBER_ID) VALUES('대만','대만','1076528500');
INSERT INTO yeogil.MEMSCH(MS_COUNTRY_NAME,MS_TITLE,MEMBER_ID) VALUES('대만','여행 대만이요.','1073491307');
INSERT INTO yeogil.MEMSCH(MS_COUNTRY_NAME,MS_TITLE,MEMBER_ID) VALUES('대만','해외 대만입니다.','1075836473');
INSERT INTO yeogil.MEMSCH(MS_COUNTRY_NAME,MS_TITLE,MEMBER_ID) VALUES('대만','고고싱','1076528500');
INSERT INTO yeogil.MEMSCH(MS_COUNTRY_NAME,MS_TITLE,MEMBER_ID) VALUES('대만','최고의 해외여행지','1076783255');
INSERT INTO yeogil.MEMSCH(MS_COUNTRY_NAME,MS_TITLE,MEMBER_ID) VALUES('대만','사랑대만','1076519585');
INSERT INTO yeogil.MEMSCH(MS_COUNTRY_NAME,MS_TITLE,MEMBER_ID) VALUES('대만','유명한 여행지','1076783255');
INSERT INTO yeogil.MEMSCH(MS_COUNTRY_NAME,MS_TITLE,MEMBER_ID) VALUES('대만','맛집 많은 대만','1073491307');
INSERT INTO yeogil.MEMSCH(MS_COUNTRY_NAME,MS_TITLE,MEMBER_ID) VALUES('대만','풍문한 먹을거리 대만','1075836473');
INSERT INTO yeogil.MEMSCH(MS_COUNTRY_NAME,MS_TITLE,MEMBER_ID) VALUES('대만','대만은 사랑.','1073491307');
INSERT INTO yeogil.MEMSCH(MS_COUNTRY_NAME,MS_TITLE,MEMBER_ID) VALUES('대만','대만을 가다.','1076528500');
INSERT INTO yeogil.MEMSCH(MS_COUNTRY_NAME,MS_TITLE,MEMBER_ID) VALUES('대만','설레는 해외여행','1076783255');
INSERT INTO yeogil.MEMSCH(MS_COUNTRY_NAME,MS_TITLE,MEMBER_ID) VALUES('대만','떠나는 대만','1073491307');
INSERT INTO yeogil.MEMSCH(MS_COUNTRY_NAME,MS_TITLE,MEMBER_ID) VALUES('대만','대만으로 가봐','1075836473');
INSERT INTO yeogil.MEMSCH(MS_COUNTRY_NAME,MS_TITLE,MEMBER_ID) VALUES('대만','대만이 얼마나 좋지','1075836473');
INSERT INTO yeogil.MEMSCH(MS_COUNTRY_NAME,MS_TITLE,MEMBER_ID) VALUES('대만','대만 어디가','1073491307');
INSERT INTO yeogil.MEMSCH(MS_COUNTRY_NAME,MS_TITLE,MEMBER_ID) VALUES('대만','최고의 여행지','1076528500');
INSERT INTO yeogil.MEMSCH(MS_COUNTRY_NAME,MS_TITLE,MEMBER_ID) VALUES('대만','나만 알고싶은 대만','1076528500');
INSERT INTO yeogil.MEMSCH(MS_COUNTRY_NAME,MS_TITLE,MEMBER_ID) VALUES('대만','가족여행 이야기','1073491307');
INSERT INTO yeogil.MEMSCH(MS_COUNTRY_NAME,MS_TITLE,MEMBER_ID) VALUES('대만','커플여행 세번째 이야기','1076519585');
INSERT INTO yeogil.MEMSCH(MS_COUNTRY_NAME,MS_TITLE,MEMBER_ID) VALUES('대만','대만 두번째 커플여행기','1073491307');
INSERT INTO yeogil.MEMSCH(MS_COUNTRY_NAME,MS_TITLE,MEMBER_ID) VALUES('대만','누구와 어울리는 대만','1073491307');
INSERT INTO yeogil.MEMSCH(MS_COUNTRY_NAME,MS_TITLE,MEMBER_ID) VALUES('대만','가자 대만','1076783255');
INSERT INTO yeogil.MEMSCH(MS_COUNTRY_NAME,MS_TITLE,MEMBER_ID) VALUES('대만','대만해외여행','1076528500');
INSERT INTO yeogil.MEMSCH(MS_COUNTRY_NAME,MS_TITLE,MEMBER_ID) VALUES('대만','가보자 대만으로','1076519585');
INSERT INTO yeogil.MEMSCH(MS_COUNTRY_NAME,MS_TITLE,MEMBER_ID) VALUES('대만','항상 완벽 대만여행','1076519585');
INSERT INTO yeogil.MEMSCH(MS_COUNTRY_NAME,MS_TITLE,MEMBER_ID) VALUES('대만','나를보는 대만으로','1073491307');
INSERT INTO yeogil.MEMSCH(MS_COUNTRY_NAME,MS_TITLE,MEMBER_ID) VALUES('대만','대만좋습니다.','1073491307');

INSERT INTO yeogil.MEMSCH(MS_COUNTRY_NAME,MS_TITLE,MEMBER_ID) VALUES('베트남','베트남이 좋아.','1075836473');
INSERT INTO yeogil.MEMSCH(MS_COUNTRY_NAME,MS_TITLE,MEMBER_ID) VALUES('베트남','베트남이 좋아요.','1073491307');
INSERT INTO yeogil.MEMSCH(MS_COUNTRY_NAME,MS_TITLE,MEMBER_ID) VALUES('베트남','베트남가자.','1076528500');
INSERT INTO yeogil.MEMSCH(MS_COUNTRY_NAME,MS_TITLE,MEMBER_ID) VALUES('베트남','나의 첫 여행.','1073491307');
INSERT INTO yeogil.MEMSCH(MS_COUNTRY_NAME,MS_TITLE,MEMBER_ID) VALUES('베트남','해외여행 베트남','1075836473');
INSERT INTO yeogil.MEMSCH(MS_COUNTRY_NAME,MS_TITLE,MEMBER_ID) VALUES('베트남','베트남여행쓰','1076528500');
INSERT INTO yeogil.MEMSCH(MS_COUNTRY_NAME,MS_TITLE,MEMBER_ID) VALUES('베트남','해외여행 베트남좋아','1076783255');
INSERT INTO yeogil.MEMSCH(MS_COUNTRY_NAME,MS_TITLE,MEMBER_ID) VALUES('베트남','베트남으로 떠나자','1076519585');
INSERT INTO yeogil.MEMSCH(MS_COUNTRY_NAME,MS_TITLE,MEMBER_ID) VALUES('베트남','베트남으로 떠나보자','1076783255');
INSERT INTO yeogil.MEMSCH(MS_COUNTRY_NAME,MS_TITLE,MEMBER_ID) VALUES('베트남','가자 베트남으로','1073491307');
INSERT INTO yeogil.MEMSCH(MS_COUNTRY_NAME,MS_TITLE,MEMBER_ID) VALUES('베트남','떠나자 베트남으로','1075836473');
INSERT INTO yeogil.MEMSCH(MS_COUNTRY_NAME,MS_TITLE,MEMBER_ID) VALUES('베트남','가자가자 베트남','1073491307');
INSERT INTO yeogil.MEMSCH(MS_COUNTRY_NAME,MS_TITLE,MEMBER_ID) VALUES('베트남','가보자 베트남으로','1076528500');
INSERT INTO yeogil.MEMSCH(MS_COUNTRY_NAME,MS_TITLE,MEMBER_ID) VALUES('베트남','좋아 가는 거야 베트남','1076783255');
INSERT INTO yeogil.MEMSCH(MS_COUNTRY_NAME,MS_TITLE,MEMBER_ID) VALUES('베트남','베트남으로 갑시다','1073491307');
INSERT INTO yeogil.MEMSCH(MS_COUNTRY_NAME,MS_TITLE,MEMBER_ID) VALUES('베트남','나홀로 여행','1075836473');
INSERT INTO yeogil.MEMSCH(MS_COUNTRY_NAME,MS_TITLE,MEMBER_ID) VALUES('베트남','혼자 첫 해외여행','1075836473');
INSERT INTO yeogil.MEMSCH(MS_COUNTRY_NAME,MS_TITLE,MEMBER_ID) VALUES('베트남','해외여행을 혼자서 가보자','1073491307');
INSERT INTO yeogil.MEMSCH(MS_COUNTRY_NAME,MS_TITLE,MEMBER_ID) VALUES('베트남','혼자가는 베트남여행','1076528500');
INSERT INTO yeogil.MEMSCH(MS_COUNTRY_NAME,MS_TITLE,MEMBER_ID) VALUES('베트남','둘이서 떠나는 베트남여행','1076528500');
INSERT INTO yeogil.MEMSCH(MS_COUNTRY_NAME,MS_TITLE,MEMBER_ID) VALUES('베트남','가족여행은 베트남으로','1073491307');
INSERT INTO yeogil.MEMSCH(MS_COUNTRY_NAME,MS_TITLE,MEMBER_ID) VALUES('베트남','커플여행으로 베트남이 좋아','1076519585');
INSERT INTO yeogil.MEMSCH(MS_COUNTRY_NAME,MS_TITLE,MEMBER_ID) VALUES('베트남','베트남 커플여행','1076783255');
INSERT INTO yeogil.MEMSCH(MS_COUNTRY_NAME,MS_TITLE,MEMBER_ID) VALUES('베트남','커플여행은 베트남이 최고','1073491307');
INSERT INTO yeogil.MEMSCH(MS_COUNTRY_NAME,MS_TITLE,MEMBER_ID) VALUES('베트남','홀로 여행','1076783255');
INSERT INTO yeogil.MEMSCH(MS_COUNTRY_NAME,MS_TITLE,MEMBER_ID) VALUES('베트남','나홀로 베트남여행을 가보자','1076528500');
INSERT INTO yeogil.MEMSCH(MS_COUNTRY_NAME,MS_TITLE,MEMBER_ID) VALUES('베트남','너무 기대되는 나의 여행 베트남','1076519585');
INSERT INTO yeogil.MEMSCH(MS_COUNTRY_NAME,MS_TITLE,MEMBER_ID) VALUES('베트남','기대 만땅 베트남여행','1076519585');
INSERT INTO yeogil.MEMSCH(MS_COUNTRY_NAME,MS_TITLE,MEMBER_ID) VALUES('베트남','행복을 위해서 떠나는 여행','1073491307');
INSERT INTO yeogil.MEMSCH(MS_COUNTRY_NAME,MS_TITLE,MEMBER_ID) VALUES('베트남','나를 찾아 베트남으로.','1076783255');
INSERT INTO yeogil.MEMSCH(MS_COUNTRY_NAME,MS_TITLE,MEMBER_ID) VALUES('베트남','가보자 베트남 좋아.','1075836473');
INSERT INTO yeogil.MEMSCH(MS_COUNTRY_NAME,MS_TITLE,MEMBER_ID) VALUES('베트남','레츠고 베트남 좋아요.','1073491307');
INSERT INTO yeogil.MEMSCH(MS_COUNTRY_NAME,MS_TITLE,MEMBER_ID) VALUES('베트남','가자','1076528500');
INSERT INTO yeogil.MEMSCH(MS_COUNTRY_NAME,MS_TITLE,MEMBER_ID) VALUES('베트남','첫 여행.','1073491307');
INSERT INTO yeogil.MEMSCH(MS_COUNTRY_NAME,MS_TITLE,MEMBER_ID) VALUES('베트남','해외 여행 베트남으로','1075836473');
INSERT INTO yeogil.MEMSCH(MS_COUNTRY_NAME,MS_TITLE,MEMBER_ID) VALUES('베트남','베트남여행 고고싱','1076528500');
INSERT INTO yeogil.MEMSCH(MS_COUNTRY_NAME,MS_TITLE,MEMBER_ID) VALUES('베트남','해외여행 베트남','1076783255');
INSERT INTO yeogil.MEMSCH(MS_COUNTRY_NAME,MS_TITLE,MEMBER_ID) VALUES('베트남','사랑의 베트남','1076519585');
INSERT INTO yeogil.MEMSCH(MS_COUNTRY_NAME,MS_TITLE,MEMBER_ID) VALUES('베트남','내가 좋아 하는 여행지','1076783255');
INSERT INTO yeogil.MEMSCH(MS_COUNTRY_NAME,MS_TITLE,MEMBER_ID) VALUES('베트남','3번째 가는 베트남여행','1073491307');
INSERT INTO yeogil.MEMSCH(MS_COUNTRY_NAME,MS_TITLE,MEMBER_ID) VALUES('베트남','최저가로 떠나는 베트남여행','1075836473');
INSERT INTO yeogil.MEMSCH(MS_COUNTRY_NAME,MS_TITLE,MEMBER_ID) VALUES('베트남','가성비 베트남','1073491307');
INSERT INTO yeogil.MEMSCH(MS_COUNTRY_NAME,MS_TITLE,MEMBER_ID) VALUES('베트남','베트남은 가성비 갑','1076528500');
INSERT INTO yeogil.MEMSCH(MS_COUNTRY_NAME,MS_TITLE,MEMBER_ID) VALUES('베트남','베트남으로 떠나보자','1076783255');
INSERT INTO yeogil.MEMSCH(MS_COUNTRY_NAME,MS_TITLE,MEMBER_ID) VALUES('베트남','떠나요 혼자서','1073491307');
INSERT INTO yeogil.MEMSCH(MS_COUNTRY_NAME,MS_TITLE,MEMBER_ID) VALUES('베트남','가나요 베트남 가나요','1075836473');
INSERT INTO yeogil.MEMSCH(MS_COUNTRY_NAME,MS_TITLE,MEMBER_ID) VALUES('베트남','베트남이 얼마나 좋은가','1075836473');
INSERT INTO yeogil.MEMSCH(MS_COUNTRY_NAME,MS_TITLE,MEMBER_ID) VALUES('베트남','베트남으로 갈까','1073491307');
INSERT INTO yeogil.MEMSCH(MS_COUNTRY_NAME,MS_TITLE,MEMBER_ID) VALUES('베트남','최고의 여행지를 찾아서','1073491307');
INSERT INTO yeogil.MEMSCH(MS_COUNTRY_NAME,MS_TITLE,MEMBER_ID) VALUES('베트남','둘이서 떠나는 베트남여행','1076528500');
INSERT INTO yeogil.MEMSCH(MS_COUNTRY_NAME,MS_TITLE,MEMBER_ID) VALUES('베트남','가족여행','1073491307');
INSERT INTO yeogil.MEMSCH(MS_COUNTRY_NAME,MS_TITLE,MEMBER_ID) VALUES('베트남','커플여행','1076519585');
INSERT INTO yeogil.MEMSCH(MS_COUNTRY_NAME,MS_TITLE,MEMBER_ID) VALUES('베트남','베트남 커플여행기','1073491307');
INSERT INTO yeogil.MEMSCH(MS_COUNTRY_NAME,MS_TITLE,MEMBER_ID) VALUES('베트남','커플여행은 베트남이 최고로 좋아','1073491307');
INSERT INTO yeogil.MEMSCH(MS_COUNTRY_NAME,MS_TITLE,MEMBER_ID) VALUES('베트남','홀로 해외여행','1076783255');
INSERT INTO yeogil.MEMSCH(MS_COUNTRY_NAME,MS_TITLE,MEMBER_ID) VALUES('베트남','둘이서 떠나는 베트남해외여행','1076528500');
INSERT INTO yeogil.MEMSCH(MS_COUNTRY_NAME,MS_TITLE,MEMBER_ID) VALUES('베트남','가보자 둘이서 베트남으로','1076519585');
INSERT INTO yeogil.MEMSCH(MS_COUNTRY_NAME,MS_TITLE,MEMBER_ID) VALUES('베트남','항상 기대되는 베트남여행','1076519585');
INSERT INTO yeogil.MEMSCH(MS_COUNTRY_NAME,MS_TITLE,MEMBER_ID) VALUES('베트남','나보자 베트남으로','1073491307');
INSERT INTO yeogil.MEMSCH(MS_COUNTRY_NAME,MS_TITLE,MEMBER_ID) VALUES('베트남','좋아좋아 베트남좋아','1073491307');

INSERT INTO yeogil.MEMSCH(MS_COUNTRY_NAME,MS_TITLE,MEMBER_ID) VALUES('일본','일본이 좋아.','1075836473');
INSERT INTO yeogil.MEMSCH(MS_COUNTRY_NAME,MS_TITLE,MEMBER_ID) VALUES('일본','일본이 좋아요.','1073491307');
INSERT INTO yeogil.MEMSCH(MS_COUNTRY_NAME,MS_TITLE,MEMBER_ID) VALUES('일본','일본가자.','1076528500');
INSERT INTO yeogil.MEMSCH(MS_COUNTRY_NAME,MS_TITLE,MEMBER_ID) VALUES('일본','나의 첫 여행.','1073491307');
INSERT INTO yeogil.MEMSCH(MS_COUNTRY_NAME,MS_TITLE,MEMBER_ID) VALUES('일본','해외여행 일본','1075836473');
INSERT INTO yeogil.MEMSCH(MS_COUNTRY_NAME,MS_TITLE,MEMBER_ID) VALUES('일본','일본여행쓰','1076528500');
INSERT INTO yeogil.MEMSCH(MS_COUNTRY_NAME,MS_TITLE,MEMBER_ID) VALUES('일본','해외여행 일본좋아','1076783255');
INSERT INTO yeogil.MEMSCH(MS_COUNTRY_NAME,MS_TITLE,MEMBER_ID) VALUES('일본','일본으로 떠나자','1076519585');
INSERT INTO yeogil.MEMSCH(MS_COUNTRY_NAME,MS_TITLE,MEMBER_ID) VALUES('일본','일본으로 떠나보자','1076783255');
INSERT INTO yeogil.MEMSCH(MS_COUNTRY_NAME,MS_TITLE,MEMBER_ID) VALUES('일본','가자 일본으로','1073491307');
INSERT INTO yeogil.MEMSCH(MS_COUNTRY_NAME,MS_TITLE,MEMBER_ID) VALUES('일본','떠나자 일본으로','1075836473');
INSERT INTO yeogil.MEMSCH(MS_COUNTRY_NAME,MS_TITLE,MEMBER_ID) VALUES('일본','가자가자 일본','1073491307');
INSERT INTO yeogil.MEMSCH(MS_COUNTRY_NAME,MS_TITLE,MEMBER_ID) VALUES('일본','가보자 일본으로','1076528500');
INSERT INTO yeogil.MEMSCH(MS_COUNTRY_NAME,MS_TITLE,MEMBER_ID) VALUES('일본','좋아 가는 거야 일본','1076783255');
INSERT INTO yeogil.MEMSCH(MS_COUNTRY_NAME,MS_TITLE,MEMBER_ID) VALUES('일본','일본으로 갑시다','1073491307');
INSERT INTO yeogil.MEMSCH(MS_COUNTRY_NAME,MS_TITLE,MEMBER_ID) VALUES('일본','나홀로 여행','1075836473');
INSERT INTO yeogil.MEMSCH(MS_COUNTRY_NAME,MS_TITLE,MEMBER_ID) VALUES('일본','혼자 첫 해외여행','1075836473');
INSERT INTO yeogil.MEMSCH(MS_COUNTRY_NAME,MS_TITLE,MEMBER_ID) VALUES('일본','해외여행을 혼자서 가보자','1073491307');
INSERT INTO yeogil.MEMSCH(MS_COUNTRY_NAME,MS_TITLE,MEMBER_ID) VALUES('일본','혼자가는 일본여행','1076528500');
INSERT INTO yeogil.MEMSCH(MS_COUNTRY_NAME,MS_TITLE,MEMBER_ID) VALUES('일본','둘이서 떠나는 일본여행','1076528500');
INSERT INTO yeogil.MEMSCH(MS_COUNTRY_NAME,MS_TITLE,MEMBER_ID) VALUES('일본','가족여행은 일본으로','1073491307');
INSERT INTO yeogil.MEMSCH(MS_COUNTRY_NAME,MS_TITLE,MEMBER_ID) VALUES('일본','커플여행으로 일본이 좋아','1076519585');
INSERT INTO yeogil.MEMSCH(MS_COUNTRY_NAME,MS_TITLE,MEMBER_ID) VALUES('일본','일본 커플여행','1076783255');
INSERT INTO yeogil.MEMSCH(MS_COUNTRY_NAME,MS_TITLE,MEMBER_ID) VALUES('일본','커플여행은 일본이 최고','1073491307');
INSERT INTO yeogil.MEMSCH(MS_COUNTRY_NAME,MS_TITLE,MEMBER_ID) VALUES('일본','홀로 여행','1076783255');
INSERT INTO yeogil.MEMSCH(MS_COUNTRY_NAME,MS_TITLE,MEMBER_ID) VALUES('일본','나홀로 일본여행을 가보자','1076528500');
INSERT INTO yeogil.MEMSCH(MS_COUNTRY_NAME,MS_TITLE,MEMBER_ID) VALUES('일본','너무 기대되는 나의 여행 일본','1076519585');
INSERT INTO yeogil.MEMSCH(MS_COUNTRY_NAME,MS_TITLE,MEMBER_ID) VALUES('일본','기대 만땅 일본여행','1076519585');
INSERT INTO yeogil.MEMSCH(MS_COUNTRY_NAME,MS_TITLE,MEMBER_ID) VALUES('일본','행복을 위해서 떠나는 여행','1073491307');
INSERT INTO yeogil.MEMSCH(MS_COUNTRY_NAME,MS_TITLE,MEMBER_ID) VALUES('일본','나를 찾아 일본으로.','1076783255');
INSERT INTO yeogil.MEMSCH(MS_COUNTRY_NAME,MS_TITLE,MEMBER_ID) VALUES('일본','가보자 일본 좋아.','1075836473');
INSERT INTO yeogil.MEMSCH(MS_COUNTRY_NAME,MS_TITLE,MEMBER_ID) VALUES('일본','레츠고 일본 좋아요.','1073491307');
INSERT INTO yeogil.MEMSCH(MS_COUNTRY_NAME,MS_TITLE,MEMBER_ID) VALUES('일본','가자','1076528500');
INSERT INTO yeogil.MEMSCH(MS_COUNTRY_NAME,MS_TITLE,MEMBER_ID) VALUES('일본','첫 여행.','1073491307');
INSERT INTO yeogil.MEMSCH(MS_COUNTRY_NAME,MS_TITLE,MEMBER_ID) VALUES('일본','해외 여행 일본으로','1075836473');
INSERT INTO yeogil.MEMSCH(MS_COUNTRY_NAME,MS_TITLE,MEMBER_ID) VALUES('일본','일본여행 고고싱','1076528500');
INSERT INTO yeogil.MEMSCH(MS_COUNTRY_NAME,MS_TITLE,MEMBER_ID) VALUES('일본','해외여행 일본','1076783255');
INSERT INTO yeogil.MEMSCH(MS_COUNTRY_NAME,MS_TITLE,MEMBER_ID) VALUES('일본','사랑의 일본','1076519585');
INSERT INTO yeogil.MEMSCH(MS_COUNTRY_NAME,MS_TITLE,MEMBER_ID) VALUES('일본','내가 좋아 하는 여행지','1076783255');
INSERT INTO yeogil.MEMSCH(MS_COUNTRY_NAME,MS_TITLE,MEMBER_ID) VALUES('일본','3번째 가는 일본여행','1073491307');
INSERT INTO yeogil.MEMSCH(MS_COUNTRY_NAME,MS_TITLE,MEMBER_ID) VALUES('일본','최저가로 떠나는 일본여행','1075836473');
INSERT INTO yeogil.MEMSCH(MS_COUNTRY_NAME,MS_TITLE,MEMBER_ID) VALUES('일본','가성비 일본','1073491307');
INSERT INTO yeogil.MEMSCH(MS_COUNTRY_NAME,MS_TITLE,MEMBER_ID) VALUES('일본','일본은 가성비 갑','1076528500');
INSERT INTO yeogil.MEMSCH(MS_COUNTRY_NAME,MS_TITLE,MEMBER_ID) VALUES('일본','일본으로 떠나보자','1076783255');
INSERT INTO yeogil.MEMSCH(MS_COUNTRY_NAME,MS_TITLE,MEMBER_ID) VALUES('일본','떠나요 혼자서','1073491307');
INSERT INTO yeogil.MEMSCH(MS_COUNTRY_NAME,MS_TITLE,MEMBER_ID) VALUES('일본','가나요 일본 가나요','1075836473');
INSERT INTO yeogil.MEMSCH(MS_COUNTRY_NAME,MS_TITLE,MEMBER_ID) VALUES('일본','일본이 얼마나 좋은가','1075836473');
INSERT INTO yeogil.MEMSCH(MS_COUNTRY_NAME,MS_TITLE,MEMBER_ID) VALUES('일본','일본으로 갈까','1073491307');
INSERT INTO yeogil.MEMSCH(MS_COUNTRY_NAME,MS_TITLE,MEMBER_ID) VALUES('일본','최고의 여행지를 찾아서','1073491307');
INSERT INTO yeogil.MEMSCH(MS_COUNTRY_NAME,MS_TITLE,MEMBER_ID) VALUES('일본','둘이서 떠나는 일본여행','1076528500');
INSERT INTO yeogil.MEMSCH(MS_COUNTRY_NAME,MS_TITLE,MEMBER_ID) VALUES('일본','가족여행','1073491307');
INSERT INTO yeogil.MEMSCH(MS_COUNTRY_NAME,MS_TITLE,MEMBER_ID) VALUES('일본','커플여행','1076519585');
INSERT INTO yeogil.MEMSCH(MS_COUNTRY_NAME,MS_TITLE,MEMBER_ID) VALUES('일본','일본 커플여행기','1073491307');
INSERT INTO yeogil.MEMSCH(MS_COUNTRY_NAME,MS_TITLE,MEMBER_ID) VALUES('일본','커플여행은 일본이 최고로 좋아','1073491307');
INSERT INTO yeogil.MEMSCH(MS_COUNTRY_NAME,MS_TITLE,MEMBER_ID) VALUES('일본','홀로 해외여행','1076783255');
INSERT INTO yeogil.MEMSCH(MS_COUNTRY_NAME,MS_TITLE,MEMBER_ID) VALUES('일본','둘이서 떠나는 일본해외여행','1076528500');
INSERT INTO yeogil.MEMSCH(MS_COUNTRY_NAME,MS_TITLE,MEMBER_ID) VALUES('일본','가보자 둘이서 일본으로','1076519585');
INSERT INTO yeogil.MEMSCH(MS_COUNTRY_NAME,MS_TITLE,MEMBER_ID) VALUES('일본','항상 기대되는 일본여행','1076519585');
INSERT INTO yeogil.MEMSCH(MS_COUNTRY_NAME,MS_TITLE,MEMBER_ID) VALUES('일본','나보자 일본으로','1073491307');
INSERT INTO yeogil.MEMSCH(MS_COUNTRY_NAME,MS_TITLE,MEMBER_ID) VALUES('일본','좋아좋아 일본좋아','1073491307');
INSERT INTO yeogil.MEMSCH(MS_COUNTRY_NAME,MS_TITLE,MEMBER_ID) VALUES('일본','나의 여행','1075836473');
INSERT INTO yeogil.MEMSCH(MS_COUNTRY_NAME,MS_TITLE,MEMBER_ID) VALUES('일본','레츠고 일본 좋습니다.','1073491307');
INSERT INTO yeogil.MEMSCH(MS_COUNTRY_NAME,MS_TITLE,MEMBER_ID) VALUES('일본','가자 일본','1076528500');
INSERT INTO yeogil.MEMSCH(MS_COUNTRY_NAME,MS_TITLE,MEMBER_ID) VALUES('일본','첫 여행 일본이요.','1073491307');
INSERT INTO yeogil.MEMSCH(MS_COUNTRY_NAME,MS_TITLE,MEMBER_ID) VALUES('일본','해외 여행 일본입니다.','1075836473');
INSERT INTO yeogil.MEMSCH(MS_COUNTRY_NAME,MS_TITLE,MEMBER_ID) VALUES('일본','일본여행 고고싱','1076528500');
INSERT INTO yeogil.MEMSCH(MS_COUNTRY_NAME,MS_TITLE,MEMBER_ID) VALUES('일본','최고의 해외여행지 일본','1076783255');
INSERT INTO yeogil.MEMSCH(MS_COUNTRY_NAME,MS_TITLE,MEMBER_ID) VALUES('일본','사랑이 가득한 일본','1076519585');

INSERT INTO yeogil.MEMSCH(MS_COUNTRY_NAME,MS_TITLE,MEMBER_ID) VALUES('독일','독일이 좋아.','1075836473');
INSERT INTO yeogil.MEMSCH(MS_COUNTRY_NAME,MS_TITLE,MEMBER_ID) VALUES('독일','독일이 좋아요.','1073491307');
INSERT INTO yeogil.MEMSCH(MS_COUNTRY_NAME,MS_TITLE,MEMBER_ID) VALUES('독일','독일가자.','1076528500');
INSERT INTO yeogil.MEMSCH(MS_COUNTRY_NAME,MS_TITLE,MEMBER_ID) VALUES('독일','나의 첫 여행.','1073491307');
INSERT INTO yeogil.MEMSCH(MS_COUNTRY_NAME,MS_TITLE,MEMBER_ID) VALUES('독일','해외여행 독일','1075836473');
INSERT INTO yeogil.MEMSCH(MS_COUNTRY_NAME,MS_TITLE,MEMBER_ID) VALUES('독일','독일여행쓰','1076528500');
INSERT INTO yeogil.MEMSCH(MS_COUNTRY_NAME,MS_TITLE,MEMBER_ID) VALUES('독일','해외여행 독일좋아','1076783255');
INSERT INTO yeogil.MEMSCH(MS_COUNTRY_NAME,MS_TITLE,MEMBER_ID) VALUES('독일','독일으로 떠나자','1076519585');
INSERT INTO yeogil.MEMSCH(MS_COUNTRY_NAME,MS_TITLE,MEMBER_ID) VALUES('독일','독일으로 떠나보자','1076783255');
INSERT INTO yeogil.MEMSCH(MS_COUNTRY_NAME,MS_TITLE,MEMBER_ID) VALUES('독일','가자 독일으로','1073491307');
INSERT INTO yeogil.MEMSCH(MS_COUNTRY_NAME,MS_TITLE,MEMBER_ID) VALUES('독일','떠나자 독일으로','1075836473');
INSERT INTO yeogil.MEMSCH(MS_COUNTRY_NAME,MS_TITLE,MEMBER_ID) VALUES('독일','가자가자 독일','1073491307');
INSERT INTO yeogil.MEMSCH(MS_COUNTRY_NAME,MS_TITLE,MEMBER_ID) VALUES('독일','가보자 독일으로','1076528500');
INSERT INTO yeogil.MEMSCH(MS_COUNTRY_NAME,MS_TITLE,MEMBER_ID) VALUES('독일','좋아 가는 거야 독일','1076783255');
INSERT INTO yeogil.MEMSCH(MS_COUNTRY_NAME,MS_TITLE,MEMBER_ID) VALUES('독일','독일으로 갑시다','1073491307');
INSERT INTO yeogil.MEMSCH(MS_COUNTRY_NAME,MS_TITLE,MEMBER_ID) VALUES('독일','나홀로 여행','1075836473');
INSERT INTO yeogil.MEMSCH(MS_COUNTRY_NAME,MS_TITLE,MEMBER_ID) VALUES('독일','혼자 첫 해외여행','1075836473');
INSERT INTO yeogil.MEMSCH(MS_COUNTRY_NAME,MS_TITLE,MEMBER_ID) VALUES('독일','해외여행을 혼자서 가보자','1073491307');
INSERT INTO yeogil.MEMSCH(MS_COUNTRY_NAME,MS_TITLE,MEMBER_ID) VALUES('독일','혼자가는 독일여행','1076528500');
INSERT INTO yeogil.MEMSCH(MS_COUNTRY_NAME,MS_TITLE,MEMBER_ID) VALUES('독일','둘이서 떠나는 독일여행','1076528500');
INSERT INTO yeogil.MEMSCH(MS_COUNTRY_NAME,MS_TITLE,MEMBER_ID) VALUES('독일','가족여행은 독일으로','1073491307');
INSERT INTO yeogil.MEMSCH(MS_COUNTRY_NAME,MS_TITLE,MEMBER_ID) VALUES('독일','커플여행으로 독일이 좋아','1076519585');

INSERT INTO yeogil.MEMSCH(MS_COUNTRY_NAME,MS_TITLE,MEMBER_ID) VALUES('홍콩','홍콩이 좋아.','1075836473');
INSERT INTO yeogil.MEMSCH(MS_COUNTRY_NAME,MS_TITLE,MEMBER_ID) VALUES('홍콩','홍콩이 좋아요.','1073491307');
INSERT INTO yeogil.MEMSCH(MS_COUNTRY_NAME,MS_TITLE,MEMBER_ID) VALUES('홍콩','홍콩가자.','1076528500');
INSERT INTO yeogil.MEMSCH(MS_COUNTRY_NAME,MS_TITLE,MEMBER_ID) VALUES('홍콩','나의 첫 여행.','1073491307');
INSERT INTO yeogil.MEMSCH(MS_COUNTRY_NAME,MS_TITLE,MEMBER_ID) VALUES('홍콩','해외여행 홍콩','1075836473');
INSERT INTO yeogil.MEMSCH(MS_COUNTRY_NAME,MS_TITLE,MEMBER_ID) VALUES('홍콩','홍콩여행쓰','1076528500');
INSERT INTO yeogil.MEMSCH(MS_COUNTRY_NAME,MS_TITLE,MEMBER_ID) VALUES('홍콩','해외여행 홍콩좋아','1076783255');
INSERT INTO yeogil.MEMSCH(MS_COUNTRY_NAME,MS_TITLE,MEMBER_ID) VALUES('홍콩','홍콩으로 떠나자','1076519585');
INSERT INTO yeogil.MEMSCH(MS_COUNTRY_NAME,MS_TITLE,MEMBER_ID) VALUES('홍콩','홍콩으로 떠나보자','1076783255');
INSERT INTO yeogil.MEMSCH(MS_COUNTRY_NAME,MS_TITLE,MEMBER_ID) VALUES('홍콩','가자 홍콩으로','1073491307');
INSERT INTO yeogil.MEMSCH(MS_COUNTRY_NAME,MS_TITLE,MEMBER_ID) VALUES('홍콩','떠나자 홍콩으로','1075836473');
INSERT INTO yeogil.MEMSCH(MS_COUNTRY_NAME,MS_TITLE,MEMBER_ID) VALUES('홍콩','가자가자 홍콩','1073491307');
INSERT INTO yeogil.MEMSCH(MS_COUNTRY_NAME,MS_TITLE,MEMBER_ID) VALUES('홍콩','가보자 홍콩으로','1076528500');
INSERT INTO yeogil.MEMSCH(MS_COUNTRY_NAME,MS_TITLE,MEMBER_ID) VALUES('홍콩','좋아 가는 거야 홍콩','1076783255');
INSERT INTO yeogil.MEMSCH(MS_COUNTRY_NAME,MS_TITLE,MEMBER_ID) VALUES('홍콩','홍콩으로 갑시다','1073491307');
INSERT INTO yeogil.MEMSCH(MS_COUNTRY_NAME,MS_TITLE,MEMBER_ID) VALUES('홍콩','나홀로 여행','1075836473');
INSERT INTO yeogil.MEMSCH(MS_COUNTRY_NAME,MS_TITLE,MEMBER_ID) VALUES('홍콩','혼자 첫 해외여행','1075836473');
INSERT INTO yeogil.MEMSCH(MS_COUNTRY_NAME,MS_TITLE,MEMBER_ID) VALUES('홍콩','해외여행을 혼자서 가보자','1073491307');
INSERT INTO yeogil.MEMSCH(MS_COUNTRY_NAME,MS_TITLE,MEMBER_ID) VALUES('홍콩','혼자가는 홍콩여행','1076528500');
INSERT INTO yeogil.MEMSCH(MS_COUNTRY_NAME,MS_TITLE,MEMBER_ID) VALUES('홍콩','둘이서 떠나는 홍콩여행','1076528500');
INSERT INTO yeogil.MEMSCH(MS_COUNTRY_NAME,MS_TITLE,MEMBER_ID) VALUES('홍콩','가족여행은 홍콩으로','1073491307');
INSERT INTO yeogil.MEMSCH(MS_COUNTRY_NAME,MS_TITLE,MEMBER_ID) VALUES('홍콩','커플여행으로 홍콩이 좋아','1076519585');
INSERT INTO yeogil.MEMSCH(MS_COUNTRY_NAME,MS_TITLE,MEMBER_ID) VALUES('홍콩','홍콩 커플여행','1076783255');
INSERT INTO yeogil.MEMSCH(MS_COUNTRY_NAME,MS_TITLE,MEMBER_ID) VALUES('홍콩','커플여행은 홍콩이 최고','1073491307');
INSERT INTO yeogil.MEMSCH(MS_COUNTRY_NAME,MS_TITLE,MEMBER_ID) VALUES('홍콩','홀로 여행','1076783255');
INSERT INTO yeogil.MEMSCH(MS_COUNTRY_NAME,MS_TITLE,MEMBER_ID) VALUES('홍콩','나홀로 홍콩여행을 가보자','1076528500');
INSERT INTO yeogil.MEMSCH(MS_COUNTRY_NAME,MS_TITLE,MEMBER_ID) VALUES('홍콩','너무 기대되는 나의 여행 홍콩','1076519585');
INSERT INTO yeogil.MEMSCH(MS_COUNTRY_NAME,MS_TITLE,MEMBER_ID) VALUES('홍콩','기대 만땅 홍콩여행','1076519585');
INSERT INTO yeogil.MEMSCH(MS_COUNTRY_NAME,MS_TITLE,MEMBER_ID) VALUES('홍콩','행복을 위해서 떠나는 여행','1073491307');
INSERT INTO yeogil.MEMSCH(MS_COUNTRY_NAME,MS_TITLE,MEMBER_ID) VALUES('홍콩','나를 찾아 홍콩으로.','1076783255');
INSERT INTO yeogil.MEMSCH(MS_COUNTRY_NAME,MS_TITLE,MEMBER_ID) VALUES('홍콩','가보자 홍콩 좋아.','1075836473');
INSERT INTO yeogil.MEMSCH(MS_COUNTRY_NAME,MS_TITLE,MEMBER_ID) VALUES('홍콩','레츠고 홍콩 좋아요.','1073491307');
INSERT INTO yeogil.MEMSCH(MS_COUNTRY_NAME,MS_TITLE,MEMBER_ID) VALUES('홍콩','가자','1076528500');
INSERT INTO yeogil.MEMSCH(MS_COUNTRY_NAME,MS_TITLE,MEMBER_ID) VALUES('홍콩','첫 여행.','1073491307');
INSERT INTO yeogil.MEMSCH(MS_COUNTRY_NAME,MS_TITLE,MEMBER_ID) VALUES('홍콩','해외 여행 홍콩으로','1075836473');
INSERT INTO yeogil.MEMSCH(MS_COUNTRY_NAME,MS_TITLE,MEMBER_ID) VALUES('홍콩','홍콩여행 고고싱','1076528500');
INSERT INTO yeogil.MEMSCH(MS_COUNTRY_NAME,MS_TITLE,MEMBER_ID) VALUES('홍콩','해외여행 홍콩','1076783255');
INSERT INTO yeogil.MEMSCH(MS_COUNTRY_NAME,MS_TITLE,MEMBER_ID) VALUES('홍콩','사랑의 홍콩','1076519585');
INSERT INTO yeogil.MEMSCH(MS_COUNTRY_NAME,MS_TITLE,MEMBER_ID) VALUES('홍콩','내가 좋아 하는 여행지','1076783255');
INSERT INTO yeogil.MEMSCH(MS_COUNTRY_NAME,MS_TITLE,MEMBER_ID) VALUES('홍콩','3번째 가는 홍콩여행','1073491307');
INSERT INTO yeogil.MEMSCH(MS_COUNTRY_NAME,MS_TITLE,MEMBER_ID) VALUES('홍콩','최저가로 떠나는 홍콩여행','1075836473');
INSERT INTO yeogil.MEMSCH(MS_COUNTRY_NAME,MS_TITLE,MEMBER_ID) VALUES('홍콩','가성비 홍콩','1073491307');
INSERT INTO yeogil.MEMSCH(MS_COUNTRY_NAME,MS_TITLE,MEMBER_ID) VALUES('홍콩','홍콩은 가성비 갑','1076528500');
INSERT INTO yeogil.MEMSCH(MS_COUNTRY_NAME,MS_TITLE,MEMBER_ID) VALUES('홍콩','홍콩으로 떠나보자','1076783255');
INSERT INTO yeogil.MEMSCH(MS_COUNTRY_NAME,MS_TITLE,MEMBER_ID) VALUES('홍콩','떠나요 혼자서','1073491307');
INSERT INTO yeogil.MEMSCH(MS_COUNTRY_NAME,MS_TITLE,MEMBER_ID) VALUES('홍콩','가나요 홍콩 가나요','1075836473');
INSERT INTO yeogil.MEMSCH(MS_COUNTRY_NAME,MS_TITLE,MEMBER_ID) VALUES('홍콩','홍콩이 얼마나 좋은가','1075836473');
INSERT INTO yeogil.MEMSCH(MS_COUNTRY_NAME,MS_TITLE,MEMBER_ID) VALUES('홍콩','홍콩으로 갈까','1073491307');
INSERT INTO yeogil.MEMSCH(MS_COUNTRY_NAME,MS_TITLE,MEMBER_ID) VALUES('홍콩','최고의 여행지를 찾아서','1073491307');
INSERT INTO yeogil.MEMSCH(MS_COUNTRY_NAME,MS_TITLE,MEMBER_ID) VALUES('홍콩','둘이서 떠나는 홍콩여행','1076528500');
INSERT INTO yeogil.MEMSCH(MS_COUNTRY_NAME,MS_TITLE,MEMBER_ID) VALUES('홍콩','가족여행','1073491307');
INSERT INTO yeogil.MEMSCH(MS_COUNTRY_NAME,MS_TITLE,MEMBER_ID) VALUES('홍콩','커플여행','1076519585');
INSERT INTO yeogil.MEMSCH(MS_COUNTRY_NAME,MS_TITLE,MEMBER_ID) VALUES('홍콩','홍콩 커플여행기','1073491307');
INSERT INTO yeogil.MEMSCH(MS_COUNTRY_NAME,MS_TITLE,MEMBER_ID) VALUES('홍콩','커플여행은 홍콩이 최고로 좋아','1073491307');
INSERT INTO yeogil.MEMSCH(MS_COUNTRY_NAME,MS_TITLE,MEMBER_ID) VALUES('홍콩','홀로 해외여행','1076783255');
INSERT INTO yeogil.MEMSCH(MS_COUNTRY_NAME,MS_TITLE,MEMBER_ID) VALUES('홍콩','둘이서 떠나는 홍콩해외여행','1076528500');
INSERT INTO yeogil.MEMSCH(MS_COUNTRY_NAME,MS_TITLE,MEMBER_ID) VALUES('홍콩','가보자 둘이서 홍콩으로','1076519585');
INSERT INTO yeogil.MEMSCH(MS_COUNTRY_NAME,MS_TITLE,MEMBER_ID) VALUES('홍콩','항상 기대되는 홍콩여행','1076519585');
INSERT INTO yeogil.MEMSCH(MS_COUNTRY_NAME,MS_TITLE,MEMBER_ID) VALUES('홍콩','나보자 홍콩으로','1073491307');
INSERT INTO yeogil.MEMSCH(MS_COUNTRY_NAME,MS_TITLE,MEMBER_ID) VALUES('홍콩','좋아좋아 홍콩좋아','1073491307');
INSERT INTO yeogil.MEMSCH(MS_COUNTRY_NAME,MS_TITLE,MEMBER_ID) VALUES('홍콩','나의 여행','1075836473');
INSERT INTO yeogil.MEMSCH(MS_COUNTRY_NAME,MS_TITLE,MEMBER_ID) VALUES('홍콩','레츠고 홍콩 좋습니다.','1073491307');
INSERT INTO yeogil.MEMSCH(MS_COUNTRY_NAME,MS_TITLE,MEMBER_ID) VALUES('홍콩','가자 홍콩','1076528500');
INSERT INTO yeogil.MEMSCH(MS_COUNTRY_NAME,MS_TITLE,MEMBER_ID) VALUES('홍콩','첫 여행 홍콩이요.','1073491307');
INSERT INTO yeogil.MEMSCH(MS_COUNTRY_NAME,MS_TITLE,MEMBER_ID) VALUES('홍콩','해외 여행 홍콩입니다.','1075836473');
INSERT INTO yeogil.MEMSCH(MS_COUNTRY_NAME,MS_TITLE,MEMBER_ID) VALUES('홍콩','홍콩여행 고고싱','1076528500');
INSERT INTO yeogil.MEMSCH(MS_COUNTRY_NAME,MS_TITLE,MEMBER_ID) VALUES('홍콩','최고의 해외여행지 홍콩','1076783255');
INSERT INTO yeogil.MEMSCH(MS_COUNTRY_NAME,MS_TITLE,MEMBER_ID) VALUES('홍콩','사랑이 가득한 홍콩','1076519585');
INSERT INTO yeogil.MEMSCH(MS_COUNTRY_NAME,MS_TITLE,MEMBER_ID) VALUES('홍콩','제일 유명한 여행지','1076783255');
INSERT INTO yeogil.MEMSCH(MS_COUNTRY_NAME,MS_TITLE,MEMBER_ID) VALUES('홍콩','자주 가는 홍콩','1073491307');
INSERT INTO yeogil.MEMSCH(MS_COUNTRY_NAME,MS_TITLE,MEMBER_ID) VALUES('홍콩','가성비 왕 홍콩','1075836473');
INSERT INTO yeogil.MEMSCH(MS_COUNTRY_NAME,MS_TITLE,MEMBER_ID) VALUES('홍콩','홍콩은 사랑입니다.','1073491307');
INSERT INTO yeogil.MEMSCH(MS_COUNTRY_NAME,MS_TITLE,MEMBER_ID) VALUES('홍콩','홍콩을 가고싶다.','1076528500');
INSERT INTO yeogil.MEMSCH(MS_COUNTRY_NAME,MS_TITLE,MEMBER_ID) VALUES('홍콩','해외여행 언제가지','1076783255');
INSERT INTO yeogil.MEMSCH(MS_COUNTRY_NAME,MS_TITLE,MEMBER_ID) VALUES('홍콩','혼자서 떠나는 홍콩','1073491307');
INSERT INTO yeogil.MEMSCH(MS_COUNTRY_NAME,MS_TITLE,MEMBER_ID) VALUES('홍콩','홍콩으로','1075836473');
INSERT INTO yeogil.MEMSCH(MS_COUNTRY_NAME,MS_TITLE,MEMBER_ID) VALUES('홍콩','홍콩이 얼마나 좋은가','1075836473');
INSERT INTO yeogil.MEMSCH(MS_COUNTRY_NAME,MS_TITLE,MEMBER_ID) VALUES('홍콩','어디로 갈까요','1073491307');
INSERT INTO yeogil.MEMSCH(MS_COUNTRY_NAME,MS_TITLE,MEMBER_ID) VALUES('홍콩','최고의 여행지','1073491307');
INSERT INTO yeogil.MEMSCH(MS_COUNTRY_NAME,MS_TITLE,MEMBER_ID) VALUES('홍콩','나만 알고싶은 홍콩','1076528500');
INSERT INTO yeogil.MEMSCH(MS_COUNTRY_NAME,MS_TITLE,MEMBER_ID) VALUES('홍콩','가족여행 두번째 이야기','1073491307');
INSERT INTO yeogil.MEMSCH(MS_COUNTRY_NAME,MS_TITLE,MEMBER_ID) VALUES('홍콩','커플여행 이야기','1076519585');
INSERT INTO yeogil.MEMSCH(MS_COUNTRY_NAME,MS_TITLE,MEMBER_ID) VALUES('홍콩','홍콩 첫번째 커플여행기','1073491307');
INSERT INTO yeogil.MEMSCH(MS_COUNTRY_NAME,MS_TITLE,MEMBER_ID) VALUES('홍콩','누구와 어울리는 홍콩','1073491307');
INSERT INTO yeogil.MEMSCH(MS_COUNTRY_NAME,MS_TITLE,MEMBER_ID) VALUES('홍콩','갑시다 홍콩','1076783255');
INSERT INTO yeogil.MEMSCH(MS_COUNTRY_NAME,MS_TITLE,MEMBER_ID) VALUES('홍콩','둘이서 홍콩해외여행','1076528500');
INSERT INTO yeogil.MEMSCH(MS_COUNTRY_NAME,MS_TITLE,MEMBER_ID) VALUES('홍콩','가보자 홍콩으로','1076519585');
INSERT INTO yeogil.MEMSCH(MS_COUNTRY_NAME,MS_TITLE,MEMBER_ID) VALUES('홍콩','항상 좋은 홍콩여행','1076519585');
INSERT INTO yeogil.MEMSCH(MS_COUNTRY_NAME,MS_TITLE,MEMBER_ID) VALUES('홍콩','나를보는 홍콩으로','1073491307');
INSERT INTO yeogil.MEMSCH(MS_COUNTRY_NAME,MS_TITLE,MEMBER_ID) VALUES('홍콩','홍콩좋아','1073491307');
INSERT INTO yeogil.MEMSCH(MS_COUNTRY_NAME,MS_TITLE,MEMBER_ID) VALUES('홍콩','당신과 나의 여행지','1075836473');
INSERT INTO yeogil.MEMSCH(MS_COUNTRY_NAME,MS_TITLE,MEMBER_ID) VALUES('홍콩','갑시다 홍콩 좋습니다.','1073491307');
INSERT INTO yeogil.MEMSCH(MS_COUNTRY_NAME,MS_TITLE,MEMBER_ID) VALUES('홍콩','가자 기분좋은 홍콩으로','1076528500');
INSERT INTO yeogil.MEMSCH(MS_COUNTRY_NAME,MS_TITLE,MEMBER_ID) VALUES('홍콩','두번째 여행 홍콩이요.','1073491307');
INSERT INTO yeogil.MEMSCH(MS_COUNTRY_NAME,MS_TITLE,MEMBER_ID) VALUES('홍콩','나의 첫 해외 여행 홍콩입니다.','1075836473');
INSERT INTO yeogil.MEMSCH(MS_COUNTRY_NAME,MS_TITLE,MEMBER_ID) VALUES('홍콩','홍콩으로 고고싱','1076528500');
INSERT INTO yeogil.MEMSCH(MS_COUNTRY_NAME,MS_TITLE,MEMBER_ID) VALUES('홍콩','최고의 동남아 홍콩','1076783255');
INSERT INTO yeogil.MEMSCH(MS_COUNTRY_NAME,MS_TITLE,MEMBER_ID) VALUES('홍콩','증거움이 가득한 홍콩','1076519585');
INSERT INTO yeogil.MEMSCH(MS_COUNTRY_NAME,MS_TITLE,MEMBER_ID) VALUES('홍콩','행복한 여행지','1076783255');
INSERT INTO yeogil.MEMSCH(MS_COUNTRY_NAME,MS_TITLE,MEMBER_ID) VALUES('홍콩','자주 가는 홍콩으로','1073491307');

INSERT INTO yeogil.MEMSCH(MS_COUNTRY_NAME,MS_TITLE,MEMBER_ID) VALUES('영국','영국이 좋아.','1075836473');
INSERT INTO yeogil.MEMSCH(MS_COUNTRY_NAME,MS_TITLE,MEMBER_ID) VALUES('영국','영국이 좋아요.','1073491307');
INSERT INTO yeogil.MEMSCH(MS_COUNTRY_NAME,MS_TITLE,MEMBER_ID) VALUES('영국','영국가자.','1076528500');
INSERT INTO yeogil.MEMSCH(MS_COUNTRY_NAME,MS_TITLE,MEMBER_ID) VALUES('영국','나의 첫 여행.','1073491307');
INSERT INTO yeogil.MEMSCH(MS_COUNTRY_NAME,MS_TITLE,MEMBER_ID) VALUES('영국','해외여행 영국','1075836473');
INSERT INTO yeogil.MEMSCH(MS_COUNTRY_NAME,MS_TITLE,MEMBER_ID) VALUES('영국','영국여행쓰','1076528500');
INSERT INTO yeogil.MEMSCH(MS_COUNTRY_NAME,MS_TITLE,MEMBER_ID) VALUES('영국','해외여행 영국좋아','1076783255');
INSERT INTO yeogil.MEMSCH(MS_COUNTRY_NAME,MS_TITLE,MEMBER_ID) VALUES('영국','영국으로 떠나자','1076519585');
INSERT INTO yeogil.MEMSCH(MS_COUNTRY_NAME,MS_TITLE,MEMBER_ID) VALUES('영국','영국으로 떠나보자','1076783255');
INSERT INTO yeogil.MEMSCH(MS_COUNTRY_NAME,MS_TITLE,MEMBER_ID) VALUES('영국','가자 영국으로','1073491307');
INSERT INTO yeogil.MEMSCH(MS_COUNTRY_NAME,MS_TITLE,MEMBER_ID) VALUES('영국','떠나자 영국으로','1075836473');
INSERT INTO yeogil.MEMSCH(MS_COUNTRY_NAME,MS_TITLE,MEMBER_ID) VALUES('영국','가자가자 영국','1073491307');
INSERT INTO yeogil.MEMSCH(MS_COUNTRY_NAME,MS_TITLE,MEMBER_ID) VALUES('영국','가보자 영국으로','1076528500');
INSERT INTO yeogil.MEMSCH(MS_COUNTRY_NAME,MS_TITLE,MEMBER_ID) VALUES('영국','좋아 가는 거야 영국','1076783255');
INSERT INTO yeogil.MEMSCH(MS_COUNTRY_NAME,MS_TITLE,MEMBER_ID) VALUES('영국','영국으로 갑시다','1073491307');
INSERT INTO yeogil.MEMSCH(MS_COUNTRY_NAME,MS_TITLE,MEMBER_ID) VALUES('영국','나홀로 여행','1075836473');
INSERT INTO yeogil.MEMSCH(MS_COUNTRY_NAME,MS_TITLE,MEMBER_ID) VALUES('영국','혼자 첫 해외여행','1075836473');
INSERT INTO yeogil.MEMSCH(MS_COUNTRY_NAME,MS_TITLE,MEMBER_ID) VALUES('영국','해외여행을 혼자서 가보자','1073491307');
INSERT INTO yeogil.MEMSCH(MS_COUNTRY_NAME,MS_TITLE,MEMBER_ID) VALUES('영국','혼자가는 영국여행','1076528500');
INSERT INTO yeogil.MEMSCH(MS_COUNTRY_NAME,MS_TITLE,MEMBER_ID) VALUES('영국','둘이서 떠나는 영국여행','1076528500');
INSERT INTO yeogil.MEMSCH(MS_COUNTRY_NAME,MS_TITLE,MEMBER_ID) VALUES('영국','가족여행은 영국으로','1073491307');
INSERT INTO yeogil.MEMSCH(MS_COUNTRY_NAME,MS_TITLE,MEMBER_ID) VALUES('영국','커플여행으로 영국이 좋아','1076519585');
INSERT INTO yeogil.MEMSCH(MS_COUNTRY_NAME,MS_TITLE,MEMBER_ID) VALUES('영국','영국 커플여행','1076783255');
INSERT INTO yeogil.MEMSCH(MS_COUNTRY_NAME,MS_TITLE,MEMBER_ID) VALUES('영국','커플여행은 영국이 최고','1073491307');
INSERT INTO yeogil.MEMSCH(MS_COUNTRY_NAME,MS_TITLE,MEMBER_ID) VALUES('영국','홀로 여행','1076783255');
INSERT INTO yeogil.MEMSCH(MS_COUNTRY_NAME,MS_TITLE,MEMBER_ID) VALUES('영국','나홀로 영국여행을 가보자','1076528500');

INSERT INTO yeogil.MEMSCH(MS_COUNTRY_NAME,MS_TITLE,MEMBER_ID) VALUES('라오스','라오스이 좋아.','1075836473');
INSERT INTO yeogil.MEMSCH(MS_COUNTRY_NAME,MS_TITLE,MEMBER_ID) VALUES('라오스','라오스이 좋아요.','1073491307');
INSERT INTO yeogil.MEMSCH(MS_COUNTRY_NAME,MS_TITLE,MEMBER_ID) VALUES('라오스','라오스가자.','1076528500');
INSERT INTO yeogil.MEMSCH(MS_COUNTRY_NAME,MS_TITLE,MEMBER_ID) VALUES('라오스','나의 첫 여행.','1073491307');
INSERT INTO yeogil.MEMSCH(MS_COUNTRY_NAME,MS_TITLE,MEMBER_ID) VALUES('라오스','해외여행 라오스','1075836473');
INSERT INTO yeogil.MEMSCH(MS_COUNTRY_NAME,MS_TITLE,MEMBER_ID) VALUES('라오스','라오스여행쓰','1076528500');
INSERT INTO yeogil.MEMSCH(MS_COUNTRY_NAME,MS_TITLE,MEMBER_ID) VALUES('라오스','해외여행 라오스좋아','1076783255');
INSERT INTO yeogil.MEMSCH(MS_COUNTRY_NAME,MS_TITLE,MEMBER_ID) VALUES('라오스','라오스로 떠나자','1076519585');
INSERT INTO yeogil.MEMSCH(MS_COUNTRY_NAME,MS_TITLE,MEMBER_ID) VALUES('라오스','라오스로 떠나보자','1076783255');
INSERT INTO yeogil.MEMSCH(MS_COUNTRY_NAME,MS_TITLE,MEMBER_ID) VALUES('라오스','가자 라오스로','1073491307');
INSERT INTO yeogil.MEMSCH(MS_COUNTRY_NAME,MS_TITLE,MEMBER_ID) VALUES('라오스','떠나자 라오스로','1075836473');
INSERT INTO yeogil.MEMSCH(MS_COUNTRY_NAME,MS_TITLE,MEMBER_ID) VALUES('라오스','가자가자 라오스','1073491307');
INSERT INTO yeogil.MEMSCH(MS_COUNTRY_NAME,MS_TITLE,MEMBER_ID) VALUES('라오스','가보자 라오스로','1076528500');
INSERT INTO yeogil.MEMSCH(MS_COUNTRY_NAME,MS_TITLE,MEMBER_ID) VALUES('라오스','좋아 가는 거야 라오스','1076783255');
INSERT INTO yeogil.MEMSCH(MS_COUNTRY_NAME,MS_TITLE,MEMBER_ID) VALUES('라오스','라오스로 갑시다','1073491307');
INSERT INTO yeogil.MEMSCH(MS_COUNTRY_NAME,MS_TITLE,MEMBER_ID) VALUES('라오스','나홀로 여행','1075836473');
INSERT INTO yeogil.MEMSCH(MS_COUNTRY_NAME,MS_TITLE,MEMBER_ID) VALUES('라오스','혼자 첫 해외여행','1075836473');
INSERT INTO yeogil.MEMSCH(MS_COUNTRY_NAME,MS_TITLE,MEMBER_ID) VALUES('라오스','해외여행을 혼자서 가보자','1073491307');
INSERT INTO yeogil.MEMSCH(MS_COUNTRY_NAME,MS_TITLE,MEMBER_ID) VALUES('라오스','혼자가는 라오스여행','1076528500');
INSERT INTO yeogil.MEMSCH(MS_COUNTRY_NAME,MS_TITLE,MEMBER_ID) VALUES('라오스','둘이서 떠나는 라오스여행','1076528500');
INSERT INTO yeogil.MEMSCH(MS_COUNTRY_NAME,MS_TITLE,MEMBER_ID) VALUES('라오스','가족여행은 라오스로','1073491307');
INSERT INTO yeogil.MEMSCH(MS_COUNTRY_NAME,MS_TITLE,MEMBER_ID) VALUES('라오스','커플여행으로 라오스이 좋아','1076519585');
INSERT INTO yeogil.MEMSCH(MS_COUNTRY_NAME,MS_TITLE,MEMBER_ID) VALUES('라오스','라오스 커플여행','1076783255');
INSERT INTO yeogil.MEMSCH(MS_COUNTRY_NAME,MS_TITLE,MEMBER_ID) VALUES('라오스','커플여행은 라오스이 최고','1073491307');
INSERT INTO yeogil.MEMSCH(MS_COUNTRY_NAME,MS_TITLE,MEMBER_ID) VALUES('라오스','홀로 여행','1076783255');
INSERT INTO yeogil.MEMSCH(MS_COUNTRY_NAME,MS_TITLE,MEMBER_ID) VALUES('라오스','나홀로 라오스여행을 가보자','1076528500');
INSERT INTO yeogil.MEMSCH(MS_COUNTRY_NAME,MS_TITLE,MEMBER_ID) VALUES('라오스','너무 기대되는 나의 여행 라오스','1076519585');
INSERT INTO yeogil.MEMSCH(MS_COUNTRY_NAME,MS_TITLE,MEMBER_ID) VALUES('라오스','기대 만땅 라오스여행','1076519585');
INSERT INTO yeogil.MEMSCH(MS_COUNTRY_NAME,MS_TITLE,MEMBER_ID) VALUES('라오스','행복을 위해서 떠나는 여행','1073491307');
INSERT INTO yeogil.MEMSCH(MS_COUNTRY_NAME,MS_TITLE,MEMBER_ID) VALUES('라오스','나를 찾아 라오스로.','1076783255');
INSERT INTO yeogil.MEMSCH(MS_COUNTRY_NAME,MS_TITLE,MEMBER_ID) VALUES('라오스','가보자 라오스 좋아.','1075836473');
INSERT INTO yeogil.MEMSCH(MS_COUNTRY_NAME,MS_TITLE,MEMBER_ID) VALUES('라오스','레츠고 라오스 좋아요.','1073491307');
INSERT INTO yeogil.MEMSCH(MS_COUNTRY_NAME,MS_TITLE,MEMBER_ID) VALUES('라오스','가자','1076528500');
INSERT INTO yeogil.MEMSCH(MS_COUNTRY_NAME,MS_TITLE,MEMBER_ID) VALUES('라오스','첫 여행.','1073491307');
INSERT INTO yeogil.MEMSCH(MS_COUNTRY_NAME,MS_TITLE,MEMBER_ID) VALUES('라오스','해외 여행 라오스로','1075836473');
INSERT INTO yeogil.MEMSCH(MS_COUNTRY_NAME,MS_TITLE,MEMBER_ID) VALUES('라오스','라오스여행 고고싱','1076528500');
INSERT INTO yeogil.MEMSCH(MS_COUNTRY_NAME,MS_TITLE,MEMBER_ID) VALUES('라오스','해외여행 라오스','1076783255');
INSERT INTO yeogil.MEMSCH(MS_COUNTRY_NAME,MS_TITLE,MEMBER_ID) VALUES('라오스','사랑의 라오스','1076519585');
INSERT INTO yeogil.MEMSCH(MS_COUNTRY_NAME,MS_TITLE,MEMBER_ID) VALUES('라오스','내가 좋아 하는 여행지','1076783255');
INSERT INTO yeogil.MEMSCH(MS_COUNTRY_NAME,MS_TITLE,MEMBER_ID) VALUES('라오스','3번째 가는 라오스여행','1073491307');
INSERT INTO yeogil.MEMSCH(MS_COUNTRY_NAME,MS_TITLE,MEMBER_ID) VALUES('라오스','최저가로 떠나는 라오스여행','1075836473');
INSERT INTO yeogil.MEMSCH(MS_COUNTRY_NAME,MS_TITLE,MEMBER_ID) VALUES('라오스','가성비 라오스','1073491307');
INSERT INTO yeogil.MEMSCH(MS_COUNTRY_NAME,MS_TITLE,MEMBER_ID) VALUES('라오스','라오스은 가성비 갑','1076528500');
INSERT INTO yeogil.MEMSCH(MS_COUNTRY_NAME,MS_TITLE,MEMBER_ID) VALUES('라오스','라오스로 떠나보자','1076783255');
INSERT INTO yeogil.MEMSCH(MS_COUNTRY_NAME,MS_TITLE,MEMBER_ID) VALUES('라오스','떠나요 혼자서','1073491307');
INSERT INTO yeogil.MEMSCH(MS_COUNTRY_NAME,MS_TITLE,MEMBER_ID) VALUES('라오스','가나요 라오스 가나요','1075836473');
INSERT INTO yeogil.MEMSCH(MS_COUNTRY_NAME,MS_TITLE,MEMBER_ID) VALUES('라오스','라오스이 얼마나 좋은가','1075836473');
INSERT INTO yeogil.MEMSCH(MS_COUNTRY_NAME,MS_TITLE,MEMBER_ID) VALUES('라오스','라오스로 갈까','1073491307');
INSERT INTO yeogil.MEMSCH(MS_COUNTRY_NAME,MS_TITLE,MEMBER_ID) VALUES('라오스','최고의 여행지를 찾아서','1073491307');
INSERT INTO yeogil.MEMSCH(MS_COUNTRY_NAME,MS_TITLE,MEMBER_ID) VALUES('라오스','둘이서 떠나는 라오스여행','1076528500');
INSERT INTO yeogil.MEMSCH(MS_COUNTRY_NAME,MS_TITLE,MEMBER_ID) VALUES('라오스','가족여행','1073491307');
INSERT INTO yeogil.MEMSCH(MS_COUNTRY_NAME,MS_TITLE,MEMBER_ID) VALUES('라오스','커플여행','1076519585');
INSERT INTO yeogil.MEMSCH(MS_COUNTRY_NAME,MS_TITLE,MEMBER_ID) VALUES('라오스','라오스 커플여행기','1073491307');
INSERT INTO yeogil.MEMSCH(MS_COUNTRY_NAME,MS_TITLE,MEMBER_ID) VALUES('라오스','커플여행은 라오스이 최고로 좋아','1073491307');
INSERT INTO yeogil.MEMSCH(MS_COUNTRY_NAME,MS_TITLE,MEMBER_ID) VALUES('라오스','홀로 해외여행','1076783255');

INSERT INTO yeogil.MEMSCH (MS_COUNTRY_NAME, MS_TITLE, MEMBER_ID) VALUES ('미국', '나의 첫 미국여행기', '1073491307');

--MEMSCHCTIY insert
INSERT INTO yeogil.MEMSCHCTIY (MS_DAY, MS_CITY_NAME, MS_DATE, MS_SEQ) VALUES ('Day1', '타이베이', '190530', '2');
INSERT INTO yeogil.MEMSCHCTIY (MS_DAY, MS_CITY_NAME, MS_DATE, MS_SEQ) VALUES ('Day2', '가오슝', '190531', '2');
INSERT INTO yeogil.MEMSCHCTIY (MS_DAY, MS_CITY_NAME, MS_DATE, MS_SEQ) VALUES ('Day3', '타이중', '190601', '2');

INSERT INTO yeogil.MEMSCHCTIY (MS_DAY, MS_CITY_NAME, MS_DATE, MS_SEQ) VALUES ('Day1', '라스베이거스', '190613', '554');
INSERT INTO yeogil.MEMSCHCTIY (MS_DAY, MS_CITY_NAME, MS_DATE, MS_SEQ) VALUES ('Day2', '라스베이거스', '190614', '554');
INSERT INTO yeogil.MEMSCHCTIY (MS_DAY, MS_CITY_NAME, MS_DATE, MS_SEQ) VALUES ('Day3', '시카고', '190615', '554');
INSERT INTO yeogil.MEMSCHCTIY (MS_DAY, MS_CITY_NAME, MS_DATE, MS_SEQ) VALUES ('Day4', '시카고', '190616', '554');
INSERT INTO yeogil.MEMSCHCTIY (MS_DAY, MS_CITY_NAME, MS_DATE, MS_SEQ) VALUES ('Day5', '시카고', '190617', '554');

--MEMSCHATTR insert
INSERT INTO yeogil.MEMSCHATTR (MS_ATTR_NAME, MS_CTIY_SEQ) VALUES ('스펀 폭포', '1');
INSERT INTO yeogil.MEMSCHATTR (MS_ATTR_NAME, MS_CTIY_SEQ) VALUES ('국립고궁박물관', '1');
INSERT INTO yeogil.MEMSCHATTR (MS_ATTR_NAME, MS_CTIY_SEQ) VALUES ('타이베이 101', '1');
INSERT INTO yeogil.MEMSCHATTR (MS_ATTR_NAME, MS_CTIY_SEQ) VALUES ('중정기념당', '1');
INSERT INTO yeogil.MEMSCHATTR (MS_ATTR_NAME, MS_CTIY_SEQ) VALUES ('리우허 야시장', '2');
INSERT INTO yeogil.MEMSCHATTR (MS_ATTR_NAME, MS_CTIY_SEQ) VALUES ('용호탑', '2');
INSERT INTO yeogil.MEMSCHATTR (MS_ATTR_NAME, MS_CTIY_SEQ) VALUES ('펑지아 야시장', '3');
INSERT INTO yeogil.MEMSCHATTR (MS_ATTR_NAME, MS_CTIY_SEQ) VALUES ('무지개마을', '3');

INSERT INTO yeogil.MEMSCHATTR (MS_ATTR_NAME, MS_CTIY_SEQ) VALUES ('네바다', '4');
INSERT INTO yeogil.MEMSCHATTR (MS_ATTR_NAME, MS_CTIY_SEQ) VALUES ('벨라지오 호텔', '4');
INSERT INTO yeogil.MEMSCHATTR (MS_ATTR_NAME, MS_CTIY_SEQ) VALUES ('패션쇼 몰', '5');
INSERT INTO yeogil.MEMSCHATTR (MS_ATTR_NAME, MS_CTIY_SEQ) VALUES ('빅샷', '5');
INSERT INTO yeogil.MEMSCHATTR (MS_ATTR_NAME, MS_CTIY_SEQ) VALUES ('히스토리 뮤지엄', '5');
INSERT INTO yeogil.MEMSCHATTR (MS_ATTR_NAME, MS_CTIY_SEQ) VALUES ('시카고 대학', '6');
INSERT INTO yeogil.MEMSCHATTR (MS_ATTR_NAME, MS_CTIY_SEQ) VALUES ('밀레니엄 공원', '6');
INSERT INTO yeogil.MEMSCHATTR (MS_ATTR_NAME, MS_CTIY_SEQ) VALUES ('윌리스 타워', '6');
INSERT INTO yeogil.MEMSCHATTR (MS_ATTR_NAME, MS_CTIY_SEQ) VALUES ('시카고 박물관', '7');
INSERT INTO yeogil.MEMSCHATTR (MS_ATTR_NAME, MS_CTIY_SEQ) VALUES ('쉐드 수족관', '7');
INSERT INTO yeogil.MEMSCHATTR (MS_ATTR_NAME, MS_CTIY_SEQ) VALUES ('링컨 공원 동물원', '8');
INSERT INTO yeogil.MEMSCHATTR (MS_ATTR_NAME, MS_CTIY_SEQ) VALUES ('오크 스트리트 비치', '8');
INSERT INTO yeogil.MEMSCHATTR (MS_ATTR_NAME, MS_CTIY_SEQ) VALUES ('시카고 워터 타워', '8');

-- insert image url 
INSERT INTO yeogil.IMAGE (IMG_NAME, IMG_URL) VALUES ('마카오', 'http://img.earthtory.com/img/city_images/10024/bali_1425369234.jpg');
INSERT INTO yeogil.IMAGE (IMG_NAME, IMG_URL) VALUES ('인도네시아', 'http://img.earthtory.com/img/city_images/10024/bali_1425369234.jpg');
INSERT INTO yeogil.IMAGE (IMG_NAME, IMG_URL) VALUES ('몰디브', 'http://mw2.google.com/mw-panoramio/photos/medium/95176248.jpg');
INSERT INTO yeogil.IMAGE (IMG_NAME, IMG_URL) VALUES ('라오스', 'http://mw2.google.com/mw-panoramio/photos/medium/1608334.jpg');
INSERT INTO yeogil.IMAGE (IMG_NAME, IMG_URL) VALUES ('대만', 'http://img.earthtory.com/img/city_images/91/kaohsiung_1425362055.jpg');
INSERT INTO yeogil.IMAGE (IMG_NAME, IMG_URL) VALUES ('베트남', 'http://t1.daumcdn.net/liveboard/realfood/0da027dd0f3a4933b63a192146ba1d5c.JPG');
INSERT INTO yeogil.IMAGE (IMG_NAME, IMG_URL) VALUES ('스리랑카', 'http://mw2.google.com/mw-panoramio/photos/medium/37604876.jpg');
INSERT INTO yeogil.IMAGE (IMG_NAME, IMG_URL) VALUES ('싱가폴', 'https://travelblog.expedia.co.kr/wp-content/uploads/2016/08/09.jpg');
INSERT INTO yeogil.IMAGE (IMG_NAME, IMG_URL) VALUES ('미얀마', 'http://mw2.google.com/mw-panoramio/photos/medium/75488238.jpg');
UPDATE yeogil.IMAGE SET IMG_NAME='싱가포르' WHERE  IMG_NAME='싱가폴';
SELECT IMG_NAME, IMG_URL FROM yeogil.IMAGE WHERE  IMG_NAME='싱가포르';
INSERT INTO yeogil.IMAGE (IMG_NAME, IMG_URL) VALUES ('인도', 'http://img.earthtory.com/img/city_images/41/chennai_1425528468.jpg');
INSERT INTO yeogil.IMAGE (IMG_NAME, IMG_URL) VALUES ('홍콩', 'http://img.earthtory.com/img/city_images/245/hong-kong_1426839831.jpg');
INSERT INTO yeogil.IMAGE (IMG_NAME, IMG_URL) VALUES ('태국', 'http://img.earthtory.com/img/city_images/86/bangkok_1425369552.jpg');
INSERT INTO yeogil.IMAGE (IMG_NAME, IMG_URL) VALUES ('일본', 'http://img.earthtory.com/img/city_images/49/kobe_1425362138.jpg');
INSERT INTO yeogil.IMAGE (IMG_NAME, IMG_URL) VALUES ('중국', 'http://img.earthtory.com/img/city_images/71/shanghai_1425372227.jpg');
INSERT INTO yeogil.IMAGE (IMG_NAME, IMG_URL) VALUES ('필리핀', 'http://img.earthtory.com/img/city_images/303/manila_1425367455.jpg');
INSERT INTO yeogil.IMAGE (IMG_NAME, IMG_URL) VALUES ('미국', 'https://travelblog.expedia.co.kr/wp-content/uploads/2016/02/13.jpg');

-- 타이베이 위도 경도 수정
UPDATE yeogil.CITY SET CITY_LAT='25.04776', CITY_LNG='121.53185' WHERE  CITY_SEQ=1;
SELECT CITY_SEQ, CITY_NAME, CITY_ENAME, CITY_LAT, CITY_LNG, CITY_DNAME, COUNTRY_ENAME FROM yeogil.CITY WHERE  CITY_SEQ=1;



